Transcription Factors,Regions,Properties
HHEX_Fimo_hg19_1,seq1535_[chr8:144120264-144120434],Induction/activity_at_TP_48h
HHEX_Fimo_hg19_1,seq363_[chr12:32552619-32552789],Induction/activity_at_TP_24h
HHEX_Fimo_hg19_1,seq322_[chr11:102079639-102079809],
HHEX_Fimo_hg19_1,seq905_[chr2:161781638-161781808],
HHEX_Fimo_hg19_1,seq1911_[chr22:26790853-26791023],
HHEX_Fimo_hg19_1,seq258_[chr11:10373615-10373785],
HHEX_Fimo_hg19_1,seq956_[chr2:233916594-233916764],
HHEX_Fimo_hg19_1,seq1582_[chr9:101935085-101935255],
HHEX_Fimo_hg19_1,seq832_[chr2:36498299-36498469],
HHEX_Fimo_hg19_1,seq1859_[chr2:123819105-123819275],
HHEX_Fimo_hg19_1,seq1207_[chr5:2751732-2751902],
HHEX_Fimo_hg19_1,seq317_[chr11:94964592-94964762],
HHEX_Fimo_hg19_1,seq1714_[chr12:55457211-55457381],
HHEX_Fimo_hg19_1,seq155_[chr1:228871123-228871293],
HHEX_Fimo_hg19_1,controls_seq110_[chr2:30607896-30608066],
ELF1_Fimo_hg19_7,seq1340_[chr6:90193123-90193293],Induction/activity_at_TP_6h
ELF1_Fimo_hg19_7,seq2166_[chr9:126773515-126773685],Induction/activity_at_TP_0h
ELF1_Fimo_hg19_7,seq1142_[chr4:41258753-41258923],Consistency/belonging_with/to_MPRA_cluster_3_that_intersect_with_ATACseq_cluster_1
ELF1_Fimo_hg19_7,seq1196_[chr4:184026378-184026548],
ELF1_Fimo_hg19_7,seq793_[chr19:18365973-18366143],
ELF1_Fimo_hg19_7,controls_seq157_[chr9:110857575-110857745],
ELF1_Fimo_hg19_7,seq1493_[chr8:32987010-32987180],
ELF1_Fimo_hg19_7,controls_seq75_[chr6:23180868-23181038],
ELF1_Fimo_hg19_7,seq956_[chr2:233916594-233916764],
ELF1_Fimo_hg19_7,seq217_[chr10:98105168-98105338],
ELF1_Fimo_hg19_7,seq1859_[chr2:123819105-123819275],
ELF1_Fimo_hg19_7,seq1311_[chr6:15895241-15895411],
ELF1_Fimo_hg19_7,seq2132_[chr3:181956041-181956211],
ELF1_Fimo_hg19_7,seq1570_[chr9:94647461-94647631],
ELF1_Fimo_hg19_7,seq2001_[chr7:29596496-29596666],
ELF1_Fimo_hg19_7,controls_seq162_[chr8:128822479-128822649],
OTX2_Fimo_ENCODE_1,seq2263_[chr17:13542498-13542668],hand_picked_TFs
OTX2_Fimo_ENCODE_1,seq2206_[chr1:40442529-40442699],Induction/activity_at_TP_0h
OTX2_Fimo_ENCODE_1,seq2264_[chr17:36729216-36729386],Induction/activity_at_TP_48h
OTX2_Fimo_ENCODE_1,seq776_[chr19:3968792-3968962],Induction/activity_at_TP_12h
OTX2_Fimo_ENCODE_1,seq414_[chr12:110318406-110318576],Induction/activity_at_TP_24h
OTX2_Fimo_ENCODE_1,seq1191_[chr4:169762284-169762454],
OTX2_Fimo_ENCODE_1,seq161_[chr1:233431342-233431512],
OTX2_Fimo_ENCODE_1,seq297_[chr11:67203946-67204116],
OTX2_Fimo_ENCODE_1,seq193_[chr10:69621993-69622163],
OTX2_Fimo_ENCODE_1,seq2027_[chr8:65936285-65936455],
OTX2_Fimo_ENCODE_1,seq689_[chr17:47943180-47943350],
OTX2_Fimo_ENCODE_1,seq1147_[chr4:56147529-56147699],
OTX2_Fimo_ENCODE_1,seq1609_[chr9:139695644-139695814],
OTX2_Fimo_ENCODE_1,seq590_[chr15:93905528-93905698],
OTX2_Fimo_ENCODE_1,seq1498_[chr8:40771792-40771962],
TCF12_Fimo_ENCODE_5,seq485_[chr14:51706847-51707017],Induction/activity_at_TP_72h
TCF12_Fimo_ENCODE_5,seq2269_[chr18:74110957-74111127],Induction/activity_at_TP_6h
TCF12_Fimo_ENCODE_5,seq1772_[chr15:37338155-37338325],Induction/activity_at_TP_0h
TCF12_Fimo_ENCODE_5,seq1061_[chr3:45726102-45726272],Induction/activity_at_TP_12h
TCF12_Fimo_ENCODE_5,seq194_[chr10:69913462-69913632],Induction/activity_at_TP_48h
TCF12_Fimo_ENCODE_5,seq1493_[chr8:32987010-32987180],Induction/activity_at_TP_24h
TCF12_Fimo_ENCODE_5,seq2272_[chr2:211627649-211627819],
TCF12_Fimo_ENCODE_5,seq161_[chr1:233431342-233431512],
TCF12_Fimo_ENCODE_5,seq297_[chr11:67203946-67204116],
TCF12_Fimo_ENCODE_5,seq832_[chr2:36498299-36498469],
TCF12_Fimo_ENCODE_5,seq2212_[chr1:59249676-59249846],
TCF12_Fimo_ENCODE_5,seq2001_[chr7:29596496-29596666],
TCF12_Fimo_ENCODE_5,seq1658_[chr10:17430253-17430423],
TCF12_Fimo_ENCODE_5,seq1039_[chr22:39610563-39610733],
TCF12_Fimo_ENCODE_5,seq493_[chr14:64854653-64854823],
TCF12_Fimo_ENCODE_5,seq19_[chr1:11741207-11741377],
TCF12_Fimo_ENCODE_5,seq1255_[chr5:107008317-107008487],
TCF12_Fimo_ENCODE_5,seq432_[chr12:124625507-124625677],
TCF12_Fimo_ENCODE_5,seq1571_[chr9:94649070-94649240],
TCF12_Fimo_ENCODE_5,seq1714_[chr12:55457211-55457381],
TCF12_Fimo_ENCODE_5,seq1193_[chr4:173995523-173995693],
TCF12_Fimo_ENCODE_5,seq1623_[chr1:9774468-9774638],
TCF12_Fimo_ENCODE_5,seq487_[chr14:54209002-54209172],
TCF12_Fimo_ENCODE_5,seq867_[chr2:70995246-70995416],
TCF12_Fimo_ENCODE_5,seq461_[chr13:63086520-63086690],
TCF12_Fimo_ENCODE_5,seq2266_[chr17:74117555-74117725],
TCF12_Fimo_ENCODE_5,seq842_[chr2:42274000-42274170],
TCF12_Fimo_ENCODE_5,seq2089_[chr13:112726838-112727008],
TCF12_Fimo_ENCODE_5,seq321_[chr11:102068532-102068702],
TCF12_Fimo_ENCODE_5,seq966_[chr2:236995715-236995885],
TCF12_Fimo_ENCODE_5,seq1048_[chr22:46241068-46241238],
TCF12_Fimo_ENCODE_5,seq1339_[chr6:86379630-86379800],
TCF12_Fimo_ENCODE_5,seq155_[chr1:228871123-228871293],
TCF12_Fimo_ENCODE_5,seq63_[chr1:43432875-43433045],
TCF12_Fimo_ENCODE_5,seq1618_[chrX:130611512-130611682],
TCF12_Fimo_ENCODE_5,seq865_[chr2:69135637-69135807],
TCF12_Fimo_ENCODE_5,seq1196_[chr4:184026378-184026548],
TCF12_Fimo_ENCODE_5,seq1648_[chr1:101200853-101201023],
TCF12_Fimo_ENCODE_5,seq1927_[chr3:64624784-64624954],
TCF12_Fimo_ENCODE_5,seq193_[chr10:69621993-69622163],
TCF12_Fimo_ENCODE_5,seq2027_[chr8:65936285-65936455],
TCF12_Fimo_ENCODE_5,seq1060_[chr3:33619186-33619356],
TCF12_Fimo_ENCODE_5,seq322_[chr11:102079639-102079809],
TCF12_Fimo_ENCODE_5,seq366_[chr12:33741075-33741245],
TCF12_Fimo_ENCODE_5,seq2305_[chr9:117068145-117068315],
TCF12_Fimo_ENCODE_5,seq1142_[chr4:41258753-41258923],
TCF12_Fimo_ENCODE_5,seq2233_[chr10:74032638-74032808],
TCF12_Fimo_ENCODE_5,seq1526_[chr8:128822474-128822644],
TCF12_Fimo_ENCODE_5,seq1311_[chr6:15895241-15895411],
TCF12_Fimo_ENCODE_5,seq2132_[chr3:181956041-181956211],
TCF12_Fimo_ENCODE_5,seq350_[chr12:8962852-8963022],
TCF12_Fimo_ENCODE_5,controls_seq46_[chr2:174989094-174989264],
GLI1_Fimo_hg19_3,seq2109_[chr18:22628079-22628249],Induction/activity_at_TP_0h
GLI1_Fimo_hg19_3,seq680_[chr17:42633937-42634107],Induction/activity_at_TP_48h
GLI1_Fimo_hg19_3,seq1493_[chr8:32987010-32987180],Induction/activity_at_TP_12h
GLI1_Fimo_hg19_3,seq1516_[chr8:104663261-104663431],pathway_hsa04340
GLI1_Fimo_hg19_3,seq461_[chr13:63086520-63086690],
GLI1_Fimo_hg19_3,seq1039_[chr22:39610563-39610733],
GLI1_Fimo_hg19_3,seq2126_[chr2:2835494-2835664],
GLI1_Fimo_hg19_3,seq2089_[chr13:112726838-112727008],
GLI1_Fimo_hg19_3,seq1430_[chr7:73693981-73694151],
GLI1_Fimo_hg19_3,seq887_[chr2:121467289-121467459],
GLI1_Fimo_hg19_3,seq2165_[chr6:99282262-99282432],
GLI1_Fimo_hg19_3,seq2139_[chr6:98973889-98974059],
GLI1_Fimo_hg19_3,seq487_[chr14:54209002-54209172],
GLI1_Fimo_hg19_3,seq2020_[chr8:13214951-13215121],
GLI1_Fimo_hg19_3,seq2212_[chr1:59249676-59249846],
SNAI3_Fimo_hg19_1,controls_seq36_[chr18:49573352-49573522],Consistency/belonging_with/to_MPRA_cluster_4_that_intersect_with_K27ac_cluster_4
SNAI3_Fimo_hg19_1,seq391_[chr12:62500395-62500565],Induction/activity_at_TP_0h
SNAI3_Fimo_hg19_1,seq485_[chr14:51706847-51707017],Consistency/belonging_with/to_MPRA_cluster_4_that_intersect_with_ATACseq_cluster_4
SNAI3_Fimo_hg19_1,seq1964_[chr5:58295687-58295857],Induction/activity_at_TP_12h
SNAI3_Fimo_hg19_1,seq231_[chr10:123339836-123340006],Induction/activity_at_TP_24h
SNAI3_Fimo_hg19_1,seq469_[chr13:101768198-101768368],
SNAI3_Fimo_hg19_1,seq2166_[chr9:126773515-126773685],
SNAI3_Fimo_hg19_1,seq867_[chr2:70995246-70995416],
SNAI3_Fimo_hg19_1,seq2053_[chr9:108438869-108439039],
SNAI3_Fimo_hg19_1,seq366_[chr12:33741075-33741245],
SNAI3_Fimo_hg19_1,seq857_[chr2:58767177-58767347],
SNAI3_Fimo_hg19_1,seq2159_[chr3:181433881-181434051],
SNAI3_Fimo_hg19_1,seq397_[chr12:89845723-89845893],
SNAI3_Fimo_hg19_1,seq493_[chr14:64854653-64854823],
SNAI3_Fimo_hg19_1,seq2229_[chr10:74008393-74008563],
SNAI3_Fimo_hg19_1,seq2269_[chr18:74110957-74111127],
RXRA_Fimo_ENCODE_2,seq1340_[chr6:90193123-90193293],Induction/activity_at_TP_72h
RXRA_Fimo_ENCODE_2,controls_seq8_[chr10:102245394-102245564],Consistency/belonging_with/to_MPRA_cluster_4_that_intersect_with_K27ac_cluster_5
RXRA_Fimo_ENCODE_2,seq374_[chr12:49380487-49380657],Induction/activity_at_TP_0h
RXRA_Fimo_ENCODE_2,seq363_[chr12:32552619-32552789],Induction/activity_at_TP_48h
RXRA_Fimo_ENCODE_2,seq793_[chr19:18365973-18366143],
RXRA_Fimo_ENCODE_2,seq2272_[chr2:211627649-211627819],
RXRA_Fimo_ENCODE_2,seq161_[chr1:233431342-233431512],
RXRA_Fimo_ENCODE_2,seq1175_[chr4:125380900-125381070],
RXRA_Fimo_ENCODE_2,seq2212_[chr1:59249676-59249846],
RXRA_Fimo_ENCODE_2,seq19_[chr1:11741207-11741377],
RXRA_Fimo_ENCODE_2,seq1039_[chr22:39610563-39610733],
RXRA_Fimo_ENCODE_2,seq487_[chr14:54209002-54209172],
RXRA_Fimo_ENCODE_2,seq2235_[chr10:74057828-74057998],
RXRA_Fimo_ENCODE_2,seq993_[chr20:44393959-44394129],
RXRA_Fimo_ENCODE_2,seq432_[chr12:124625507-124625677],
RXRA_Fimo_ENCODE_2,seq1714_[chr12:55457211-55457381],
RXRA_Fimo_ENCODE_2,seq1648_[chr1:101200853-101201023],
RXRA_Fimo_ENCODE_2,seq966_[chr2:236995715-236995885],
RXRA_Fimo_ENCODE_2,seq1493_[chr8:32987010-32987180],
RXRA_Fimo_ENCODE_2,seq1900_[chr20:46433296-46433466],
RXRA_Fimo_ENCODE_2,seq842_[chr2:42274000-42274170],
RXRA_Fimo_ENCODE_2,seq125_[chr1:178235935-178236105],
RXRA_Fimo_ENCODE_2,seq317_[chr11:94964592-94964762],
RXRA_Fimo_ENCODE_2,seq904_[chr2:157487561-157487731],
RXRA_Fimo_ENCODE_2,seq865_[chr2:69135637-69135807],
RXRA_Fimo_ENCODE_2,seq1196_[chr4:184026378-184026548],
RXRA_Fimo_ENCODE_2,seq200_[chr10:77161522-77161692],
RXRA_Fimo_ENCODE_2,seq203_[chr10:77842878-77843048],
RXRA_Fimo_ENCODE_2,seq180_[chr10:33247228-33247398],
RXRA_Fimo_ENCODE_2,seq1293_[chr5:172983462-172983632],
RXRA_Fimo_ENCODE_2,seq1811_[chr17:6365105-6365275],
RXRA_Fimo_ENCODE_2,seq1060_[chr3:33619186-33619356],
RXRA_Fimo_ENCODE_2,seq832_[chr2:36498299-36498469],
RXRA_Fimo_ENCODE_2,seq366_[chr12:33741075-33741245],
RXRA_Fimo_ENCODE_2,seq2229_[chr10:74008393-74008563],
RXRA_Fimo_ENCODE_2,seq1049_[chr22:46440726-46440896],
RXRA_Fimo_ENCODE_2,seq1526_[chr8:128822474-128822644],
RXRA_Fimo_ENCODE_2,seq2001_[chr7:29596496-29596666],
RXRA_Fimo_ENCODE_2,seq1859_[chr2:123819105-123819275],
RXRA_Fimo_ENCODE_2,seq1207_[chr5:2751732-2751902],
RXRA_Fimo_ENCODE_2,seq1311_[chr6:15895241-15895411],
RXRA_Fimo_ENCODE_2,seq2132_[chr3:181956041-181956211],
FOXB1_Fimo_ENCODE_4,controls_seq36_[chr18:49573352-49573522],Induction/activity_at_TP_72h
FOXB1_Fimo_ENCODE_4,seq2264_[chr17:36729216-36729386],Induction/activity_at_TP_0h
FOXB1_Fimo_ENCODE_4,seq231_[chr10:123339836-123340006],Induction/activity_at_TP_48h
FOXB1_Fimo_ENCODE_4,seq832_[chr2:36498299-36498469],Induction/activity_at_TP_12h
FOXB1_Fimo_ENCODE_4,seq1196_[chr4:184026378-184026548],Induction/activity_at_TP_24h
FOXB1_Fimo_ENCODE_4,seq1772_[chr15:37338155-37338325],
FOXB1_Fimo_ENCODE_4,seq116_[chr1:160951446-160951616],
FOXB1_Fimo_ENCODE_4,seq2053_[chr9:108438869-108439039],
FOXB1_Fimo_ENCODE_4,seq183_[chr10:43312452-43312622],
FOXB1_Fimo_ENCODE_4,seq2220_[chr1:155804391-155804561],
FOXB1_Fimo_ENCODE_4,seq334_[chr11:121671606-121671776],
FOXB1_Fimo_ENCODE_4,seq2297_[chr7:148032155-148032325],
FOXB1_Fimo_ENCODE_4,controls_seq46_[chr2:174989094-174989264],
FOXB1_Fimo_ENCODE_4,seq1359_[chr6:126070571-126070741],
FOXB1_Fimo_ENCODE_4,seq184_[chr10:51039483-51039653],
YY2_Fimo_hg19_9,seq2305_[chr9:117068145-117068315],Consistency/belonging_with/to_MPRA_cluster_4_that_intersect_with_ATACseq_cluster_4
YY2_Fimo_hg19_9,seq1507_[chr8:77593271-77593441],Consistency/belonging_with/to_MPRA_cluster_3_that_intersect_with_RNAseq_cluster_3
YY2_Fimo_hg19_9,seq904_[chr2:157487561-157487731],
YY2_Fimo_hg19_9,seq2269_[chr18:74110957-74111127],
YY2_Fimo_hg19_9,seq1055_[chr3:20371483-20371653],
YY2_Fimo_hg19_9,seq236_[chr10:126158599-126158769],
YY2_Fimo_hg19_9,seq2249_[chr12:57914375-57914545],
YY2_Fimo_hg19_9,seq2206_[chr1:40442529-40442699],
YY2_Fimo_hg19_9,seq2266_[chr17:74117555-74117725],
YY2_Fimo_hg19_9,seq155_[chr1:228871123-228871293],
YY2_Fimo_hg19_9,seq125_[chr1:178235935-178236105],
YY2_Fimo_hg19_9,seq1175_[chr4:125380900-125381070],
YY2_Fimo_hg19_9,seq2020_[chr8:13214951-13215121],
YY2_Fimo_hg19_9,seq1207_[chr5:2751732-2751902],
YY2_Fimo_hg19_9,seq1311_[chr6:15895241-15895411],
YY2_Fimo_hg19_9,seq966_[chr2:236995715-236995885],
YY2_Fimo_hg19_9,seq51_[chr1:33808005-33808175],
YY2_Fimo_hg19_9,seq1205_[chr5:1515005-1515175],
NFAT_Fimo_ENCODE_2,seq1507_[chr8:77593271-77593441],Consistency/belonging_with/to_MPRA_cluster_3_that_intersect_with_K27ac_cluster_3
NFAT_Fimo_ENCODE_2,seq374_[chr12:49380487-49380657],Consistency/belonging_with/to_MPRA_cluster_3_that_intersect_with_ATACseq_cluster_1
NFAT_Fimo_ENCODE_2,seq1163_[chr4:91119425-91119595],
NFAT_Fimo_ENCODE_2,seq270_[chr11:25601079-25601249],
NFAT_Fimo_ENCODE_2,seq236_[chr10:126158599-126158769],
NFAT_Fimo_ENCODE_2,seq1937_[chr3:155432158-155432328],
NFAT_Fimo_ENCODE_2,seq2279_[chr22:36727609-36727779],
NFAT_Fimo_ENCODE_2,seq2233_[chr10:74032638-74032808],
NFAT_Fimo_ENCODE_2,seq1205_[chr5:1515005-1515175],
NFAT_Fimo_ENCODE_2,seq2159_[chr3:181433881-181434051],
NFAT_Fimo_ENCODE_2,seq1811_[chr17:6365105-6365275],
NFAT_Fimo_ENCODE_2,seq350_[chr12:8962852-8963022],
NFAT_Fimo_ENCODE_2,seq398_[chr12:92860238-92860408],
NFAT_Fimo_ENCODE_2,seq1274_[chr5:140381871-140382041],
NFAT_Fimo_ENCODE_2,seq2237_[chr10:102245397-102245567],
TCF7L2_Fimo_ENCODE_4,seq391_[chr12:62500395-62500565],pathway_hsa04310
TCF7L2_Fimo_ENCODE_4,seq231_[chr10:123339836-123340006],Induction/activity_at_TP_48h
TCF7L2_Fimo_ENCODE_4,seq1446_[chr7:100743510-100743680],Consistency/belonging_with/to_MPRA_cluster_4_that_intersect_with_RNAseq_cluster_4
TCF7L2_Fimo_ENCODE_4,seq1911_[chr22:26790853-26791023],
TCF7L2_Fimo_ENCODE_4,seq1359_[chr6:126070571-126070741],
TCF7L2_Fimo_ENCODE_4,seq1385_[chr7:2539826-2539996],
TCF7L2_Fimo_ENCODE_4,seq2228_[chr10:34716436-34716606],
TCF7L2_Fimo_ENCODE_4,seq521_[chr14:100355660-100355830],
TCF7L2_Fimo_ENCODE_4,seq19_[chr1:11741207-11741377],
TCF7L2_Fimo_ENCODE_4,seq1060_[chr3:33619186-33619356],
TCF7L2_Fimo_ENCODE_4,seq450_[chr13:43167231-43167401],
TCF7L2_Fimo_ENCODE_4,seq2139_[chr6:98973889-98974059],
TCF7L2_Fimo_ENCODE_4,seq307_[chr11:77184409-77184579],
TCF7L2_Fimo_ENCODE_4,seq1055_[chr3:20371483-20371653],
TCF7L2_Fimo_ENCODE_4,seq1498_[chr8:40771792-40771962],
ZIC5_Fimo_hg19_1,seq485_[chr14:51706847-51707017],Induction/activity_at_TP_0h
ZIC5_Fimo_hg19_1,seq363_[chr12:32552619-32552789],Consistency/belonging_with/to_MPRA_cluster_4_that_intersect_with_RNAseq_cluster_4
ZIC5_Fimo_hg19_1,seq2269_[chr18:74110957-74111127],Induction/activity_at_TP_48h
ZIC5_Fimo_hg19_1,seq793_[chr19:18365973-18366143],
ZIC5_Fimo_hg19_1,seq2272_[chr2:211627649-211627819],
ZIC5_Fimo_hg19_1,seq1714_[chr12:55457211-55457381],
ZIC5_Fimo_hg19_1,seq966_[chr2:236995715-236995885],
ZIC5_Fimo_hg19_1,seq2001_[chr7:29596496-29596666],
ZIC5_Fimo_hg19_1,seq432_[chr12:124625507-124625677],
ZIC5_Fimo_hg19_1,seq1964_[chr5:58295687-58295857],
ZIC5_Fimo_hg19_1,seq1623_[chr1:9774468-9774638],
ZIC5_Fimo_hg19_1,seq414_[chr12:110318406-110318576],
ZIC5_Fimo_hg19_1,seq1900_[chr20:46433296-46433466],
ZIC5_Fimo_hg19_1,seq154_[chr1:228110602-228110772],
ZIC5_Fimo_hg19_1,seq317_[chr11:94964592-94964762],
ZIC5_Fimo_hg19_1,seq2242_[chr11:46615443-46615613],
ZIC5_Fimo_hg19_1,seq993_[chr20:44393959-44394129],
ZIC5_Fimo_hg19_1,seq1811_[chr17:6365105-6365275],
ZIC5_Fimo_hg19_1,seq1060_[chr3:33619186-33619356],
ZIC5_Fimo_hg19_1,seq398_[chr12:92860238-92860408],
ZIC5_Fimo_hg19_1,seq1055_[chr3:20371483-20371653],
ZIC5_Fimo_hg19_1,seq590_[chr15:93905528-93905698],
ZIC5_Fimo_hg19_1,seq1498_[chr8:40771792-40771962],
ZIC5_Fimo_hg19_1,seq1507_[chr8:77593271-77593441],
ZIC5_Fimo_hg19_1,seq391_[chr12:62500395-62500565],
ZIC5_Fimo_hg19_1,seq1219_[chr5:14036238-14036408],
ZIC5_Fimo_hg19_1,seq857_[chr2:58767177-58767347],
ZIC5_Fimo_hg19_1,seq1205_[chr5:1515005-1515175],
SOX2_Fimo_ENCODE_1,seq1175_[chr4:125380900-125381070],hand_picked_TFs
SOX2_Fimo_ENCODE_1,seq1772_[chr15:37338155-37338325],Induction/activity_at_TP_72h
SOX2_Fimo_ENCODE_1,seq31_[chr1:20813189-20813359],Induction/activity_at_TP_6h
SOX2_Fimo_ENCODE_1,seq1501_[chr8:50005334-50005504],Induction/activity_at_TP_0h
SOX2_Fimo_ENCODE_1,seq1163_[chr4:91119425-91119595],Induction/activity_at_TP_48h
SOX2_Fimo_ENCODE_1,seq1658_[chr10:17430253-17430423],Induction/activity_at_TP_24h
SOX2_Fimo_ENCODE_1,seq966_[chr2:236995715-236995885],
SOX2_Fimo_ENCODE_1,seq1535_[chr8:144120264-144120434],
SOX2_Fimo_ENCODE_1,seq2166_[chr9:126773515-126773685],
SOX2_Fimo_ENCODE_1,seq236_[chr10:126158599-126158769],
SOX2_Fimo_ENCODE_1,seq116_[chr1:160951446-160951616],
SOX2_Fimo_ENCODE_1,seq270_[chr11:25601079-25601249],
SOX2_Fimo_ENCODE_1,seq1493_[chr8:32987010-32987180],
SOX2_Fimo_ENCODE_1,seq2147_[chr9:126763605-126763775],
SOX2_Fimo_ENCODE_1,seq125_[chr1:178235935-178236105],
SOX2_Fimo_ENCODE_1,controls_seq162_[chr8:128822479-128822649],
SOX2_Fimo_ENCODE_1,seq1911_[chr22:26790853-26791023],
SOX2_Fimo_ENCODE_1,seq1385_[chr7:2539826-2539996],
SOX2_Fimo_ENCODE_1,seq2228_[chr10:34716436-34716606],
SOX2_Fimo_ENCODE_1,seq1275_[chr5:141928420-141928590],
SOX2_Fimo_ENCODE_1,seq1240_[chr5:72783756-72783926],
SOX2_Fimo_ENCODE_1,seq1767_[chr14:96494017-96494187],
SOX2_Fimo_ENCODE_1,seq2165_[chr6:99282262-99282432],
SOX2_Fimo_ENCODE_1,controls_seq55_[chr3:147652769-147652939],
SOX2_Fimo_ENCODE_1,seq2305_[chr9:117068145-117068315],
SOX2_Fimo_ENCODE_1,seq602_[chr16:6246080-6246250],
SOX2_Fimo_ENCODE_1,seq511_[chr14:75745409-75745579],
SOX2_Fimo_ENCODE_1,seq2234_[chr10:74033439-74033609],
SOX2_Fimo_ENCODE_1,seq1400_[chr7:13875076-13875246],
SOX2_Fimo_ENCODE_1,seq1582_[chr9:101935085-101935255],
SOX2_Fimo_ENCODE_1,seq2220_[chr1:155804391-155804561],
SOX2_Fimo_ENCODE_1,seq1282_[chr5:147254685-147254855],
SOX2_Fimo_ENCODE_1,seq334_[chr11:121671606-121671776],
SOX2_Fimo_ENCODE_1,seq792_[chr19:17246400-17246570],
SOX2_Fimo_ENCODE_1,controls_seq110_[chr2:30607896-30608066],
ZIC2_Fimo_ENCODE_2,seq1526_[chr8:128822474-128822644],Induction/activity_at_TP_0h
ZIC2_Fimo_ENCODE_2,seq2269_[chr18:74110957-74111127],Induction/activity_at_TP_48h
ZIC2_Fimo_ENCODE_2,seq2300_[chr8:133412943-133413113],pathway_hsa04340
ZIC2_Fimo_ENCODE_2,seq1049_[chr22:46440726-46440896],Induction/activity_at_TP_24h
ZIC2_Fimo_ENCODE_2,seq1516_[chr8:104663261-104663431],
ZIC2_Fimo_ENCODE_2,seq867_[chr2:70995246-70995416],
ZIC2_Fimo_ENCODE_2,seq2206_[chr1:40442529-40442699],
ZIC2_Fimo_ENCODE_2,seq1055_[chr3:20371483-20371653],
ZIC2_Fimo_ENCODE_2,seq1266_[chr5:129060420-129060590],
ZIC2_Fimo_ENCODE_2,seq857_[chr2:58767177-58767347],
ZIC2_Fimo_ENCODE_2,seq1205_[chr5:1515005-1515175],
ZIC2_Fimo_ENCODE_2,seq865_[chr2:69135637-69135807],
ZIC2_Fimo_ENCODE_2,seq2001_[chr7:29596496-29596666],
ZIC2_Fimo_ENCODE_2,seq322_[chr11:102079639-102079809],
ZIC2_Fimo_ENCODE_2,seq1714_[chr12:55457211-55457381],
ZIC2_Fimo_ENCODE_2,seq966_[chr2:236995715-236995885],
ZIC2_Fimo_ENCODE_2,seq2235_[chr10:74057828-74057998],
ZIC2_Fimo_ENCODE_2,seq993_[chr20:44393959-44394129],
ZIC2_Fimo_ENCODE_1,seq1914_[chr22:27898396-27898566],Induction/activity_at_TP_0h
ZIC2_Fimo_ENCODE_1,seq2206_[chr1:40442529-40442699],Induction/activity_at_TP_48h
ZIC2_Fimo_ENCODE_1,seq2269_[chr18:74110957-74111127],pathway_hsa04340
ZIC2_Fimo_ENCODE_1,seq680_[chr17:42633937-42634107],Induction/activity_at_TP_24h
ZIC2_Fimo_ENCODE_1,seq461_[chr13:63086520-63086690],
ZIC2_Fimo_ENCODE_1,seq405_[chr12:101960136-101960306],
ZIC2_Fimo_ENCODE_1,seq993_[chr20:44393959-44394129],
ZIC2_Fimo_ENCODE_1,seq867_[chr2:70995246-70995416],
ZIC2_Fimo_ENCODE_1,seq521_[chr14:100355660-100355830],
ZIC2_Fimo_ENCODE_1,seq1039_[chr22:39610563-39610733],
ZIC2_Fimo_ENCODE_1,seq1430_[chr7:73693981-73694151],
ZIC2_Fimo_ENCODE_1,seq1266_[chr5:129060420-129060590],
ZIC2_Fimo_ENCODE_1,seq2020_[chr8:13214951-13215121],
ZIC2_Fimo_ENCODE_1,seq820_[chr2:8776917-8777087],
ZIC2_Fimo_ENCODE_1,seq2212_[chr1:59249676-59249846],
JUN_Fimo_hg19_11,controls_seq174_[chr6:31126527-31126697],Consistency/belonging_with/to_MPRA_cluster_4_that_intersect_with_K27ac_cluster_4
JUN_Fimo_hg19_11,seq2234_[chr10:74033439-74033609],Induction/activity_at_TP_3h
JUN_Fimo_hg19_11,seq776_[chr19:3968792-3968962],pathway_hsa04310
JUN_Fimo_hg19_11,seq1400_[chr7:13875076-13875246],pathway_hsa04010
JUN_Fimo_hg19_11,seq217_[chr10:98105168-98105338],
JUN_Fimo_hg19_11,seq842_[chr2:42274000-42274170],
JUN_Fimo_hg19_11,seq2233_[chr10:74032638-74032808],
JUN_Fimo_hg19_11,seq1240_[chr5:72783756-72783926],
JUN_Fimo_hg19_11,seq1430_[chr7:73693981-73694151],
JUN_Fimo_hg19_11,seq1366_[chr6:144651800-144651970],
JUN_Fimo_hg19_11,seq1207_[chr5:2751732-2751902],
JUN_Fimo_hg19_11,seq2165_[chr6:99282262-99282432],
JUN_Fimo_hg19_11,seq2132_[chr3:181956041-181956211],
JUN_Fimo_hg19_11,seq1274_[chr5:140381871-140382041],
JUN_Fimo_hg19_11,seq1055_[chr3:20371483-20371653],
JUN_Fimo_hg19_11,seq2020_[chr8:13214951-13215121],
SOX5_Fimo_ENCODE_1,seq2236_[chr10:74114347-74114517],Induction/activity_at_TP_72h
SOX5_Fimo_ENCODE_1,seq1175_[chr4:125380900-125381070],Induction/activity_at_TP_48h
SOX5_Fimo_ENCODE_1,seq1648_[chr1:101200853-101201023],
SOX5_Fimo_ENCODE_1,seq2291_[chr6:113908526-113908696],
SOX5_Fimo_ENCODE_1,seq1493_[chr8:32987010-32987180],
SOX5_Fimo_ENCODE_1,seq1512_[chr8:93107646-93107816],
SOX5_Fimo_ENCODE_1,seq842_[chr2:42274000-42274170],
SOX5_Fimo_ENCODE_1,seq183_[chr10:43312452-43312622],
SOX5_Fimo_ENCODE_1,seq1563_[chr9:75295558-75295728],
SOX5_Fimo_ENCODE_1,seq2212_[chr1:59249676-59249846],
SOX5_Fimo_ENCODE_1,seq2027_[chr8:65936285-65936455],
SOX5_Fimo_ENCODE_1,seq1311_[chr6:15895241-15895411],
SOX5_Fimo_ENCODE_1,seq1658_[chr10:17430253-17430423],
SOX5_Fimo_ENCODE_1,seq689_[chr17:47943180-47943350],
SOX5_Fimo_ENCODE_1,controls_seq185_[chr11:31832761-31832931],
MEIS3_Fimo_ENCODE_1,controls_seq36_[chr18:49573352-49573522],Induction/activity_at_TP_72h
MEIS3_Fimo_ENCODE_1,seq391_[chr12:62500395-62500565],Induction/activity_at_TP_3h
MEIS3_Fimo_ENCODE_1,seq2166_[chr9:126773515-126773685],Induction/activity_at_TP_48h
MEIS3_Fimo_ENCODE_1,seq1964_[chr5:58295687-58295857],Induction/activity_at_TP_24h
MEIS3_Fimo_ENCODE_1,seq2269_[chr18:74110957-74111127],
MEIS3_Fimo_ENCODE_1,seq2233_[chr10:74032638-74032808],
MEIS3_Fimo_ENCODE_1,seq469_[chr13:101768198-101768368],
MEIS3_Fimo_ENCODE_1,seq2053_[chr9:108438869-108439039],
MEIS3_Fimo_ENCODE_1,seq464_[chr13:79232505-79232675],
MEIS3_Fimo_ENCODE_1,seq366_[chr12:33741075-33741245],
MEIS3_Fimo_ENCODE_1,seq1501_[chr8:50005334-50005504],
MEIS3_Fimo_ENCODE_1,seq602_[chr16:6246080-6246250],
MEIS3_Fimo_ENCODE_1,seq397_[chr12:89845723-89845893],
MEIS3_Fimo_ENCODE_1,seq493_[chr14:64854653-64854823],
MEIS3_Fimo_ENCODE_1,seq2229_[chr10:74008393-74008563],
EP300_Fimo_ENCODE_5,seq350_[chr12:8962852-8963022],pathway_hsa04310
EP300_Fimo_ENCODE_5,seq1606_[chr9:138232061-138232231],Induction/activity_at_TP_48h
EP300_Fimo_ENCODE_5,seq825_[chr2:17721823-17721993],
EP300_Fimo_ENCODE_5,seq1714_[chr12:55457211-55457381],
EP300_Fimo_ENCODE_5,seq1505_[chr8:72836323-72836493],
EP300_Fimo_ENCODE_5,seq1193_[chr4:173995523-173995693],
EP300_Fimo_ENCODE_5,seq1429_[chr7:73509281-73509451],
EP300_Fimo_ENCODE_5,seq116_[chr1:160951446-160951616],
EP300_Fimo_ENCODE_5,seq414_[chr12:110318406-110318576],
EP300_Fimo_ENCODE_5,controls_seq174_[chr6:31126527-31126697],
EP300_Fimo_ENCODE_5,seq956_[chr2:233916594-233916764],
EP300_Fimo_ENCODE_5,seq154_[chr1:228110602-228110772],
EP300_Fimo_ENCODE_5,seq2220_[chr1:155804391-155804561],
EP300_Fimo_ENCODE_5,seq401_[chr12:95945211-95945381],
EP300_Fimo_ENCODE_5,seq307_[chr11:77184409-77184579],
EP300_Fimo_ENCODE_5,seq155_[chr1:228871123-228871293],
EP300_Fimo_ENCODE_5,seq626_[chr16:52299381-52299551],
EP300_Fimo_ENCODE_5,seq1648_[chr1:101200853-101201023],
EP300_Fimo_ENCODE_5,seq96_[chr1:113570296-113570466],
EP300_Fimo_ENCODE_5,controls_seq75_[chr6:23180868-23181038],
EP300_Fimo_ENCODE_5,seq732_[chr18:6752629-6752799],
EP300_Fimo_ENCODE_5,seq1767_[chr14:96494017-96494187],
EP300_Fimo_ENCODE_5,seq266_[chr11:20178226-20178396],
EP300_Fimo_ENCODE_5,seq51_[chr1:33808005-33808175],
EP300_Fimo_ENCODE_5,seq258_[chr11:10373615-10373785],
EP300_Fimo_ENCODE_5,seq2234_[chr10:74033439-74033609],
EP300_Fimo_ENCODE_5,seq1359_[chr6:126070571-126070741],
EP300_Fimo_ENCODE_5,seq2233_[chr10:74032638-74032808],
EP300_Fimo_ENCODE_5,seq1526_[chr8:128822474-128822644],
EP300_Fimo_ENCODE_5,seq1769_[chr14:100350343-100350513],
EP300_Fimo_ENCODE_5,seq1274_[chr5:140381871-140382041],
EP300_Fimo_ENCODE_5,seq317_[chr11:94964592-94964762],
ATF3_Fimo_hg19_1,seq391_[chr12:62500395-62500565],Consistency/belonging_with/to_MPRA_cluster_2_that_intersect_with_K27ac_cluster_2
ATF3_Fimo_hg19_1,seq1429_[chr7:73509281-73509451],Induction/activity_at_TP_3h
ATF3_Fimo_hg19_1,controls_seq174_[chr6:31126527-31126697],
ATF3_Fimo_hg19_1,seq2279_[chr22:36727609-36727779],
ATF3_Fimo_hg19_1,seq615_[chr16:26997150-26997320],
ATF3_Fimo_hg19_1,seq2089_[chr13:112726838-112727008],
ATF3_Fimo_hg19_1,seq1900_[chr20:46433296-46433466],
ATF3_Fimo_hg19_1,seq1811_[chr17:6365105-6365275],
ATF3_Fimo_hg19_1,seq1767_[chr14:96494017-96494187],
ATF3_Fimo_hg19_1,seq398_[chr12:92860238-92860408],
ATF3_Fimo_hg19_1,seq1769_[chr14:100350343-100350513],
ATF3_Fimo_hg19_1,seq266_[chr11:20178226-20178396],
ATF3_Fimo_hg19_1,seq1505_[chr8:72836323-72836493],
ATF3_Fimo_hg19_1,seq966_[chr2:236995715-236995885],
ATF3_Fimo_hg19_1,seq2132_[chr3:181956041-181956211],
TFAP2_Fimo_ENCODE_4,seq63_[chr1:43432875-43433045],Consistency/belonging_with/to_MPRA_cluster_1_that_intersect_with_K27ac_cluster_1
TFAP2_Fimo_ENCODE_4,seq2206_[chr1:40442529-40442699],Consistency/belonging_with/to_MPRA_cluster_1_that_intersect_with_RNAseq_cluster_1
TFAP2_Fimo_ENCODE_4,controls_seq148_[chr9:110235258-110235428],
TFAP2_Fimo_ENCODE_4,seq993_[chr20:44393959-44394129],
TFAP2_Fimo_ENCODE_4,seq793_[chr19:18365973-18366143],
TFAP2_Fimo_ENCODE_4,seq1049_[chr22:46440726-46440896],
TFAP2_Fimo_ENCODE_4,seq904_[chr2:157487561-157487731],
TFAP2_Fimo_ENCODE_4,seq2266_[chr17:74117555-74117725],
TFAP2_Fimo_ENCODE_4,seq2001_[chr7:29596496-29596666],
TFAP2_Fimo_ENCODE_4,seq857_[chr2:58767177-58767347],
TFAP2_Fimo_ENCODE_4,seq1526_[chr8:128822474-128822644],
TFAP2_Fimo_ENCODE_4,seq1048_[chr22:46241068-46241238],
TFAP2_Fimo_ENCODE_4,seq2235_[chr10:74057828-74057998],
TFAP2_Fimo_ENCODE_4,seq487_[chr14:54209002-54209172],
TFAP2_Fimo_ENCODE_4,seq19_[chr1:11741207-11741377],
POU3F2_Fimo_ENCODE_6,seq2305_[chr9:117068145-117068315],Induction/activity_at_TP_72h
POU3F2_Fimo_ENCODE_6,seq1485_[chr7:151167884-151168054],hand_picked_TFs
POU3F2_Fimo_ENCODE_6,seq807_[chr19:52408231-52408401],
POU3F2_Fimo_ENCODE_6,seq203_[chr10:77842878-77843048],
POU3F2_Fimo_ENCODE_6,seq2300_[chr8:133412943-133413113],
POU3F2_Fimo_ENCODE_6,seq2249_[chr12:57914375-57914545],
POU3F2_Fimo_ENCODE_6,seq405_[chr12:101960136-101960306],
POU3F2_Fimo_ENCODE_6,seq1385_[chr7:2539826-2539996],
POU3F2_Fimo_ENCODE_6,seq1400_[chr7:13875076-13875246],
POU3F2_Fimo_ENCODE_6,seq1937_[chr3:155432158-155432328],
POU3F2_Fimo_ENCODE_6,seq1163_[chr4:91119425-91119595],
POU3F2_Fimo_ENCODE_6,seq857_[chr2:58767177-58767347],
POU3F2_Fimo_ENCODE_6,seq2089_[chr13:112726838-112727008],
POU3F2_Fimo_ENCODE_6,seq580_[chr15:89536311-89536481],
POU3F2_Fimo_ENCODE_6,seq776_[chr19:3968792-3968962],
POU3F2_Fimo_ENCODE_6,seq125_[chr1:178235935-178236105],
POU3F2_Fimo_ENCODE_6,seq193_[chr10:69621993-69622163],
POU3F2_Fimo_ENCODE_6,seq1774_[chr15:39959593-39959763],
POU3F2_Fimo_ENCODE_6,seq1359_[chr6:126070571-126070741],
SOX10_Fimo_ENCODE_8,controls_seq36_[chr18:49573352-49573522],Consistency/belonging_with/to_MPRA_cluster_2_that_intersect_with_K27ac_cluster_2
SOX10_Fimo_ENCODE_8,seq1507_[chr8:77593271-77593441],Induction/activity_at_TP_72h
SOX10_Fimo_ENCODE_8,seq602_[chr16:6246080-6246250],Induction/activity_at_TP_48h
SOX10_Fimo_ENCODE_8,seq2027_[chr8:65936285-65936455],Induction/activity_at_TP_24h
SOX10_Fimo_ENCODE_8,seq270_[chr11:25601079-25601249],
SOX10_Fimo_ENCODE_8,seq1400_[chr7:13875076-13875246],
SOX10_Fimo_ENCODE_8,controls_seq75_[chr6:23180868-23181038],
SOX10_Fimo_ENCODE_8,seq1205_[chr5:1515005-1515175],
SOX10_Fimo_ENCODE_8,seq1282_[chr5:147254685-147254855],
SOX10_Fimo_ENCODE_8,seq1811_[chr17:6365105-6365275],
SOX10_Fimo_ENCODE_8,seq1060_[chr3:33619186-33619356],
SOX10_Fimo_ENCODE_8,seq398_[chr12:92860238-92860408],
SOX10_Fimo_ENCODE_8,seq677_[chr17:37845417-37845587],
SOX10_Fimo_ENCODE_8,seq820_[chr2:8776917-8777087],
SOX10_Fimo_ENCODE_8,seq836_[chr2:37423583-37423753],
SRF_Fimo_hg19_17,seq183_[chr10:43312452-43312622],Consistency/belonging_with/to_MPRA_cluster_1_that_intersect_with_K27ac_cluster_1
SRF_Fimo_hg19_17,seq904_[chr2:157487561-157487731],Induction/activity_at_TP_3h
SRF_Fimo_hg19_17,controls_seq180_[chr9:110252111-110252281],pathway_hsa04010
SRF_Fimo_hg19_17,seq1049_[chr22:46440726-46440896],
SRF_Fimo_hg19_17,seq1937_[chr3:155432158-155432328],
SRF_Fimo_hg19_17,seq615_[chr16:26997150-26997320],
SRF_Fimo_hg19_17,seq825_[chr2:17721823-17721993],
SRF_Fimo_hg19_17,seq865_[chr2:69135637-69135807],
SRF_Fimo_hg19_17,seq397_[chr12:89845723-89845893],
SRF_Fimo_hg19_17,seq580_[chr15:89536311-89536481],
SRF_Fimo_hg19_17,seq1366_[chr6:144651800-144651970],
SRF_Fimo_hg19_17,seq350_[chr12:8962852-8963022],
SRF_Fimo_hg19_17,seq307_[chr11:77184409-77184579],
SRF_Fimo_hg19_17,seq1275_[chr5:141928420-141928590],
SRF_Fimo_hg19_17,controls_seq162_[chr8:128822479-128822649],
MEIS2_Fimo_ENCODE_2,controls_seq36_[chr18:49573352-49573522],Induction/activity_at_TP_72h
MEIS2_Fimo_ENCODE_2,seq391_[chr12:62500395-62500565],Induction/activity_at_TP_48h
MEIS2_Fimo_ENCODE_2,seq231_[chr10:123339836-123340006],Induction/activity_at_TP_12h
MEIS2_Fimo_ENCODE_2,seq1964_[chr5:58295687-58295857],Induction/activity_at_TP_24h
MEIS2_Fimo_ENCODE_2,seq2269_[chr18:74110957-74111127],
MEIS2_Fimo_ENCODE_2,seq493_[chr14:64854653-64854823],
MEIS2_Fimo_ENCODE_2,seq867_[chr2:70995246-70995416],
MEIS2_Fimo_ENCODE_2,seq2053_[chr9:108438869-108439039],
MEIS2_Fimo_ENCODE_2,seq366_[chr12:33741075-33741245],
MEIS2_Fimo_ENCODE_2,seq2233_[chr10:74032638-74032808],
MEIS2_Fimo_ENCODE_2,seq2159_[chr3:181433881-181434051],
MEIS2_Fimo_ENCODE_2,seq2229_[chr10:74008393-74008563],
MEIS2_Fimo_ENCODE_2,seq469_[chr13:101768198-101768368],
MEIS2_Fimo_ENCODE_2,seq397_[chr12:89845723-89845893],
MEIS2_Fimo_ENCODE_2,seq464_[chr13:79232505-79232675],
MEIS2_Fimo_ENCODE_2,seq485_[chr14:51706847-51707017],
MEIS2_Fimo_ENCODE_2,seq2166_[chr9:126773515-126773685],
HIF1A_Fimo_ENCODE_2,seq363_[chr12:32552619-32552789],Induction/activity_at_TP_6h
HIF1A_Fimo_ENCODE_2,controls_seq148_[chr9:110235258-110235428],Induction/activity_at_TP_0h
HIF1A_Fimo_ENCODE_2,seq2147_[chr9:126763605-126763775],Induction/activity_at_TP_12h
HIF1A_Fimo_ENCODE_2,seq793_[chr19:18365973-18366143],pathway_hsa04150
HIF1A_Fimo_ENCODE_2,controls_seq157_[chr9:110857575-110857745],
HIF1A_Fimo_ENCODE_2,controls_seq75_[chr6:23180868-23181038],
HIF1A_Fimo_ENCODE_2,seq867_[chr2:70995246-70995416],
HIF1A_Fimo_ENCODE_2,seq2272_[chr2:211627649-211627819],
HIF1A_Fimo_ENCODE_2,seq51_[chr1:33808005-33808175],
HIF1A_Fimo_ENCODE_2,seq904_[chr2:157487561-157487731],
HIF1A_Fimo_ENCODE_2,controls_seq185_[chr11:31832761-31832931],
HIF1A_Fimo_ENCODE_2,seq865_[chr2:69135637-69135807],
HIF1A_Fimo_ENCODE_2,seq1767_[chr14:96494017-96494187],
HIF1A_Fimo_ENCODE_2,seq2001_[chr7:29596496-29596666],
HIF1A_Fimo_ENCODE_2,seq200_[chr10:77161522-77161692],
PRDM4_Fimo_ENCODE_1,seq432_[chr12:124625507-124625677],Consistency/belonging_with/to_MPRA_cluster_4_that_intersect_with_K27ac_cluster_5
PRDM4_Fimo_ENCODE_1,seq1914_[chr22:27898396-27898566],Induction/activity_at_TP_6h
PRDM4_Fimo_ENCODE_1,seq200_[chr10:77161522-77161692],Induction/activity_at_TP_3h
PRDM4_Fimo_ENCODE_1,seq2264_[chr17:36729216-36729386],
PRDM4_Fimo_ENCODE_1,seq194_[chr10:69913462-69913632],
PRDM4_Fimo_ENCODE_1,seq1049_[chr22:46440726-46440896],
PRDM4_Fimo_ENCODE_1,seq521_[chr14:100355660-100355830],
PRDM4_Fimo_ENCODE_1,seq2001_[chr7:29596496-29596666],
PRDM4_Fimo_ENCODE_1,seq1263_[chr5:123210525-123210695],
PRDM4_Fimo_ENCODE_1,seq1293_[chr5:172983462-172983632],
PRDM4_Fimo_ENCODE_1,seq2297_[chr7:148032155-148032325],
PRDM4_Fimo_ENCODE_1,seq317_[chr11:94964592-94964762],
PRDM4_Fimo_ENCODE_1,seq1339_[chr6:86379630-86379800],
PRDM4_Fimo_ENCODE_1,seq1542_[chr9:16768932-16769102],
PRDM4_Fimo_ENCODE_1,seq414_[chr12:110318406-110318576],
MYC_Fimo_ENCODE_9,seq904_[chr2:157487561-157487731],Induction/activity_at_TP_72h
MYC_Fimo_ENCODE_9,seq2269_[chr18:74110957-74111127],Induction/activity_at_TP_3h
MYC_Fimo_ENCODE_9,seq2272_[chr2:211627649-211627819],pathway_hsa04310
MYC_Fimo_ENCODE_9,seq366_[chr12:33741075-33741245],pathway_hsa04010
MYC_Fimo_ENCODE_9,seq832_[chr2:36498299-36498469],
MYC_Fimo_ENCODE_9,seq867_[chr2:70995246-70995416],
MYC_Fimo_ENCODE_9,seq2001_[chr7:29596496-29596666],
MYC_Fimo_ENCODE_9,seq487_[chr14:54209002-54209172],
MYC_Fimo_ENCODE_9,seq19_[chr1:11741207-11741377],
MYC_Fimo_ENCODE_9,controls_seq148_[chr9:110235258-110235428],
MYC_Fimo_ENCODE_9,seq1623_[chr1:9774468-9774638],
MYC_Fimo_ENCODE_9,seq1049_[chr22:46440726-46440896],
MYC_Fimo_ENCODE_9,seq2266_[chr17:74117555-74117725],
MYC_Fimo_ENCODE_9,seq1039_[chr22:39610563-39610733],
MYC_Fimo_ENCODE_9,seq155_[chr1:228871123-228871293],
MYC_Fimo_ENCODE_9,seq626_[chr16:52299381-52299551],
MYC_Fimo_ENCODE_9,seq865_[chr2:69135637-69135807],
MYC_Fimo_ENCODE_9,seq993_[chr20:44393959-44394129],
MYC_Fimo_ENCODE_9,seq1927_[chr3:64624784-64624954],
MYC_Fimo_ENCODE_9,seq322_[chr11:102079639-102079809],
MYC_Fimo_ENCODE_9,seq1055_[chr3:20371483-20371653],
MYC_Fimo_ENCODE_9,controls_seq157_[chr9:110857575-110857745],
MYC_Fimo_ENCODE_9,seq857_[chr2:58767177-58767347],
MYC_Fimo_ENCODE_9,seq1526_[chr8:128822474-128822644],
MYC_Fimo_ENCODE_9,controls_seq174_[chr6:31126527-31126697],
MYC_Fimo_ENCODE_9,seq497_[chr14:68400983-68401153],
MYC_Fimo_ENCODE_9,seq1266_[chr5:129060420-129060590],
MYC_Fimo_ENCODE_9,seq1311_[chr6:15895241-15895411],
MYC_Fimo_ENCODE_9,seq1191_[chr4:169762284-169762454],
MYC_Fimo_ENCODE_9,seq2020_[chr8:13214951-13215121],
MYC_Fimo_ENCODE_5,seq432_[chr12:124625507-124625677],pathway_hsa04310
MYC_Fimo_ENCODE_5,seq993_[chr20:44393959-44394129],Consistency/belonging_with/to_MPRA_cluster_2_that_intersect_with_K27ac_cluster_2
MYC_Fimo_ENCODE_5,seq96_[chr1:113570296-113570466],Induction/activity_at_TP_72h
MYC_Fimo_ENCODE_5,seq2249_[chr12:57914375-57914545],pathway_hsa04010
MYC_Fimo_ENCODE_5,seq405_[chr12:101960136-101960306],Consistency/belonging_with/to_MPRA_cluster_3_that_intersect_with_K27ac_cluster_3
MYC_Fimo_ENCODE_5,seq1400_[chr7:13875076-13875246],Induction/activity_at_TP_3h
MYC_Fimo_ENCODE_5,seq1937_[chr3:155432158-155432328],
MYC_Fimo_ENCODE_5,seq1512_[chr8:93107646-93107816],
MYC_Fimo_ENCODE_5,seq1501_[chr8:50005334-50005504],
MYC_Fimo_ENCODE_5,seq1563_[chr9:75295558-75295728],
MYC_Fimo_ENCODE_5,seq2165_[chr6:99282262-99282432],
MYC_Fimo_ENCODE_5,seq125_[chr1:178235935-178236105],
MYC_Fimo_ENCODE_5,seq1658_[chr10:17430253-17430423],
MYC_Fimo_ENCODE_5,seq1570_[chr9:94647461-94647631],
MYC_Fimo_ENCODE_5,seq117_[chr1:160983560-160983730],
ZIC3_Fimo_ENCODE_3,seq485_[chr14:51706847-51707017],Induction/activity_at_TP_24h
ZIC3_Fimo_ENCODE_3,seq363_[chr12:32552619-32552789],Induction/activity_at_TP_0h
ZIC3_Fimo_ENCODE_3,seq2269_[chr18:74110957-74111127],Consistency/belonging_with/to_MPRA_cluster_4_that_intersect_with_RNAseq_cluster_4
ZIC3_Fimo_ENCODE_3,seq793_[chr19:18365973-18366143],Induction/activity_at_TP_12h
ZIC3_Fimo_ENCODE_3,seq2272_[chr2:211627649-211627819],Induction/activity_at_TP_48h
ZIC3_Fimo_ENCODE_3,seq297_[chr11:67203946-67204116],
ZIC3_Fimo_ENCODE_3,seq2266_[chr17:74117555-74117725],
ZIC3_Fimo_ENCODE_3,seq2001_[chr7:29596496-29596666],
ZIC3_Fimo_ENCODE_3,seq1039_[chr22:39610563-39610733],
ZIC3_Fimo_ENCODE_3,seq1688_[chr11:13123771-13123941],
ZIC3_Fimo_ENCODE_3,seq432_[chr12:124625507-124625677],
ZIC3_Fimo_ENCODE_3,seq1571_[chr9:94649070-94649240],
ZIC3_Fimo_ENCODE_3,seq1964_[chr5:58295687-58295857],
ZIC3_Fimo_ENCODE_3,seq2249_[chr12:57914375-57914545],
ZIC3_Fimo_ENCODE_3,seq1900_[chr20:46433296-46433466],
ZIC3_Fimo_ENCODE_3,seq842_[chr2:42274000-42274170],
ZIC3_Fimo_ENCODE_3,seq154_[chr1:228110602-228110772],
ZIC3_Fimo_ENCODE_3,seq580_[chr15:89536311-89536481],
ZIC3_Fimo_ENCODE_3,seq317_[chr11:94964592-94964762],
ZIC3_Fimo_ENCODE_3,seq2139_[chr6:98973889-98974059],
ZIC3_Fimo_ENCODE_3,seq1542_[chr9:16768932-16769102],
ZIC3_Fimo_ENCODE_3,seq1485_[chr7:151167884-151168054],
ZIC3_Fimo_ENCODE_3,seq1618_[chrX:130611512-130611682],
ZIC3_Fimo_ENCODE_3,seq2242_[chr11:46615443-46615613],
ZIC3_Fimo_ENCODE_3,seq63_[chr1:43432875-43433045],
ZIC3_Fimo_ENCODE_3,seq1811_[chr17:6365105-6365275],
ZIC3_Fimo_ENCODE_3,seq398_[chr12:92860238-92860408],
ZIC3_Fimo_ENCODE_3,seq1055_[chr3:20371483-20371653],
ZIC3_Fimo_ENCODE_3,seq1507_[chr8:77593271-77593441],
ZIC3_Fimo_ENCODE_3,seq391_[chr12:62500395-62500565],
ZIC3_Fimo_ENCODE_3,seq1219_[chr5:14036238-14036408],
ZIC3_Fimo_ENCODE_3,seq155_[chr1:228871123-228871293],
ZIC3_Fimo_ENCODE_3,seq1205_[chr5:1515005-1515175],
ZIC3_Fimo_ENCODE_3,seq334_[chr11:121671606-121671776],
ZIC3_Fimo_ENCODE_3,seq1859_[chr2:123819105-123819275],
ZIC3_Fimo_ENCODE_3,seq2212_[chr1:59249676-59249846],
TCF12_Fimo_ENCODE_7,seq1340_[chr6:90193123-90193293],Induction/activity_at_TP_72h
TCF12_Fimo_ENCODE_7,seq1485_[chr7:151167884-151168054],Induction/activity_at_TP_6h
TCF12_Fimo_ENCODE_7,seq2269_[chr18:74110957-74111127],Induction/activity_at_TP_0h
TCF12_Fimo_ENCODE_7,seq1397_[chr7:12368757-12368927],Induction/activity_at_TP_12h
TCF12_Fimo_ENCODE_7,seq905_[chr2:161781638-161781808],Induction/activity_at_TP_48h
TCF12_Fimo_ENCODE_7,seq793_[chr19:18365973-18366143],Induction/activity_at_TP_24h
TCF12_Fimo_ENCODE_7,seq2249_[chr12:57914375-57914545],
TCF12_Fimo_ENCODE_7,seq776_[chr19:3968792-3968962],
TCF12_Fimo_ENCODE_7,seq461_[chr13:63086520-63086690],
TCF12_Fimo_ENCODE_7,seq2272_[chr2:211627649-211627819],
TCF12_Fimo_ENCODE_7,seq2053_[chr9:108438869-108439039],
TCF12_Fimo_ENCODE_7,seq1512_[chr8:93107646-93107816],
TCF12_Fimo_ENCODE_7,seq2159_[chr3:181433881-181434051],
TCF12_Fimo_ENCODE_7,seq63_[chr1:43432875-43433045],
TCF12_Fimo_ENCODE_7,seq1859_[chr2:123819105-123819275],
TCF12_Fimo_ENCODE_7,seq2297_[chr7:148032155-148032325],
TCF12_Fimo_ENCODE_7,seq1311_[chr6:15895241-15895411],
TCF12_Fimo_ENCODE_7,seq2231_[chr10:74014932-74015102],
TCF12_Fimo_ENCODE_7,seq1570_[chr9:94647461-94647631],
TCF12_Fimo_ENCODE_7,seq19_[chr1:11741207-11741377],
TCF12_Fimo_ENCODE_7,seq184_[chr10:51039483-51039653],
YY2_Fimo_hg19_10,seq1507_[chr8:77593271-77593441],Consistency/belonging_with/to_MPRA_cluster_4_that_intersect_with_ATACseq_cluster_4
YY2_Fimo_hg19_10,seq2305_[chr9:117068145-117068315],Consistency/belonging_with/to_MPRA_cluster_3_that_intersect_with_RNAseq_cluster_3
YY2_Fimo_hg19_10,seq2236_[chr10:74114347-74114517],
YY2_Fimo_hg19_10,seq1175_[chr4:125380900-125381070],
YY2_Fimo_hg19_10,seq2269_[chr18:74110957-74111127],
YY2_Fimo_hg19_10,seq236_[chr10:126158599-126158769],
YY2_Fimo_hg19_10,seq2249_[chr12:57914375-57914545],
YY2_Fimo_hg19_10,seq1207_[chr5:2751732-2751902],
YY2_Fimo_hg19_10,seq2206_[chr1:40442529-40442699],
YY2_Fimo_hg19_10,seq1055_[chr3:20371483-20371653],
YY2_Fimo_hg19_10,seq1205_[chr5:1515005-1515175],
YY2_Fimo_hg19_10,seq904_[chr2:157487561-157487731],
YY2_Fimo_hg19_10,seq125_[chr1:178235935-178236105],
YY2_Fimo_hg19_10,seq1311_[chr6:15895241-15895411],
YY2_Fimo_hg19_10,seq51_[chr1:33808005-33808175],
YY2_Fimo_hg19_10,seq2020_[chr8:13214951-13215121],
SOX1_Fimo_hg19_3,seq1493_[chr8:32987010-32987180],Consistency/belonging_with/to_MPRA_cluster_4_that_intersect_with_ATACseq_cluster_4
SOX1_Fimo_hg19_3,seq31_[chr1:20813189-20813359],hand_picked_TFs
SOX1_Fimo_hg19_3,seq1501_[chr8:50005334-50005504],Induction/activity_at_TP_72h
SOX1_Fimo_hg19_3,seq1658_[chr10:17430253-17430423],Consistency/belonging_with/to_MPRA_cluster_4_that_intersect_with_K27ac_cluster_4
SOX1_Fimo_hg19_3,seq966_[chr2:236995715-236995885],Induction/activity_at_TP_48h
SOX1_Fimo_hg19_3,seq1535_[chr8:144120264-144120434],Induction/activity_at_TP_24h
SOX1_Fimo_hg19_3,seq231_[chr10:123339836-123340006],
SOX1_Fimo_hg19_3,seq1193_[chr4:173995523-173995693],
SOX1_Fimo_hg19_3,seq1900_[chr20:46433296-46433466],
SOX1_Fimo_hg19_3,seq2147_[chr9:126763605-126763775],
SOX1_Fimo_hg19_3,seq1048_[chr22:46241068-46241238],
SOX1_Fimo_hg19_3,seq2297_[chr7:148032155-148032325],
SOX1_Fimo_hg19_3,seq401_[chr12:95945211-95945381],
SOX1_Fimo_hg19_3,controls_seq162_[chr8:128822479-128822649],
SOX1_Fimo_hg19_3,seq2228_[chr10:34716436-34716606],
SOX1_Fimo_hg19_3,seq2166_[chr9:126773515-126773685],
SOX1_Fimo_hg19_3,seq1275_[chr5:141928420-141928590],
SOX1_Fimo_hg19_3,controls_seq185_[chr11:31832761-31832931],
SOX1_Fimo_hg19_3,seq1767_[chr14:96494017-96494187],
SOX1_Fimo_hg19_3,seq2235_[chr10:74057828-74057998],
SOX1_Fimo_hg19_3,seq1055_[chr3:20371483-20371653],
SOX1_Fimo_hg19_3,seq2305_[chr9:117068145-117068315],
SOX1_Fimo_hg19_3,seq602_[chr16:6246080-6246250],
SOX1_Fimo_hg19_3,seq1559_[chr9:73035377-73035547],
SOX1_Fimo_hg19_3,seq2234_[chr10:74033439-74033609],
SOX1_Fimo_hg19_3,seq1582_[chr9:101935085-101935255],
SOX1_Fimo_hg19_3,seq2220_[chr1:155804391-155804561],
SOX1_Fimo_hg19_3,seq117_[chr1:160983560-160983730],
SOX1_Fimo_hg19_3,controls_seq110_[chr2:30607896-30608066],
LMX1A_Fimo_hg19_1,seq203_[chr10:77842878-77843048],Induction/activity_at_TP_72h
LMX1A_Fimo_hg19_1,seq905_[chr2:161781638-161781808],Induction/activity_at_TP_48h
LMX1A_Fimo_hg19_1,seq1516_[chr8:104663261-104663431],
LMX1A_Fimo_hg19_1,controls_seq49_[chr21:34291162-34291332],
LMX1A_Fimo_hg19_1,seq1606_[chr9:138232061-138232231],
LMX1A_Fimo_hg19_1,seq2291_[chr6:113908526-113908696],
LMX1A_Fimo_hg19_1,seq1927_[chr3:64624784-64624954],
LMX1A_Fimo_hg19_1,seq297_[chr11:67203946-67204116],
LMX1A_Fimo_hg19_1,seq193_[chr10:69621993-69622163],
LMX1A_Fimo_hg19_1,seq1282_[chr5:147254685-147254855],
LMX1A_Fimo_hg19_1,seq2027_[chr8:65936285-65936455],
LMX1A_Fimo_hg19_1,seq1446_[chr7:100743510-100743680],
LMX1A_Fimo_hg19_1,seq689_[chr17:47943180-47943350],
LMX1A_Fimo_hg19_1,seq493_[chr14:64854653-64854823],
LMX1A_Fimo_hg19_1,seq1397_[chr7:12368757-12368927],
REST_Fimo_ENCODE_8,seq1340_[chr6:90193123-90193293],Consistency/belonging_with/to_MPRA_cluster_4_that_intersect_with_K27ac_cluster_5
REST_Fimo_ENCODE_8,controls_seq174_[chr6:31126527-31126697],Induction/activity_at_TP_6h
REST_Fimo_ENCODE_8,seq2269_[chr18:74110957-74111127],Induction/activity_at_TP_48h
REST_Fimo_ENCODE_8,seq793_[chr19:18365973-18366143],
REST_Fimo_ENCODE_8,seq1767_[chr14:96494017-96494187],
REST_Fimo_ENCODE_8,seq2001_[chr7:29596496-29596666],
REST_Fimo_ENCODE_8,seq366_[chr12:33741075-33741245],
REST_Fimo_ENCODE_8,seq904_[chr2:157487561-157487731],
REST_Fimo_ENCODE_8,seq956_[chr2:233916594-233916764],
REST_Fimo_ENCODE_8,seq19_[chr1:11741207-11741377],
REST_Fimo_ENCODE_8,seq493_[chr14:64854653-64854823],
REST_Fimo_ENCODE_8,seq1688_[chr11:13123771-13123941],
REST_Fimo_ENCODE_8,seq432_[chr12:124625507-124625677],
REST_Fimo_ENCODE_8,seq193_[chr10:69621993-69622163],
REST_Fimo_ENCODE_8,controls_seq148_[chr9:110235258-110235428],
REST_Fimo_ENCODE_8,seq1623_[chr1:9774468-9774638],
REST_Fimo_ENCODE_8,seq966_[chr2:236995715-236995885],
REST_Fimo_ENCODE_8,seq461_[chr13:63086520-63086690],
REST_Fimo_ENCODE_8,seq2266_[chr17:74117555-74117725],
REST_Fimo_ENCODE_8,seq842_[chr2:42274000-42274170],
REST_Fimo_ENCODE_8,seq154_[chr1:228110602-228110772],
REST_Fimo_ENCODE_8,seq1796_[chr16:54385386-54385556],
REST_Fimo_ENCODE_8,seq1485_[chr7:151167884-151168054],
REST_Fimo_ENCODE_8,seq1618_[chrX:130611512-130611682],
REST_Fimo_ENCODE_8,seq832_[chr2:36498299-36498469],
REST_Fimo_ENCODE_8,seq200_[chr10:77161522-77161692],
REST_Fimo_ENCODE_8,seq2206_[chr1:40442529-40442699],
REST_Fimo_ENCODE_8,seq1927_[chr3:64624784-64624954],
REST_Fimo_ENCODE_8,seq397_[chr12:89845723-89845893],
REST_Fimo_ENCODE_8,seq1060_[chr3:33619186-33619356],
REST_Fimo_ENCODE_8,seq1193_[chr4:173995523-173995693],
REST_Fimo_ENCODE_8,seq322_[chr11:102079639-102079809],
REST_Fimo_ENCODE_8,seq2235_[chr10:74057828-74057998],
REST_Fimo_ENCODE_8,seq51_[chr1:33808005-33808175],
REST_Fimo_ENCODE_8,seq1498_[chr8:40771792-40771962],
REST_Fimo_ENCODE_8,seq1219_[chr5:14036238-14036408],
REST_Fimo_ENCODE_8,seq1526_[chr8:128822474-128822644],
REST_Fimo_ENCODE_8,seq1266_[chr5:129060420-129060590],
REST_Fimo_ENCODE_8,seq1311_[chr6:15895241-15895411],
REST_Fimo_ENCODE_8,seq2132_[chr3:181956041-181956211],
REST_Fimo_ENCODE_8,seq1191_[chr4:169762284-169762454],
REST_Fimo_ENCODE_9,seq1340_[chr6:90193123-90193293],Induction/activity_at_TP_6h
REST_Fimo_ENCODE_9,seq1049_[chr22:46440726-46440896],Induction/activity_at_TP_48h
REST_Fimo_ENCODE_9,seq2269_[chr18:74110957-74111127],
REST_Fimo_ENCODE_9,seq793_[chr19:18365973-18366143],
REST_Fimo_ENCODE_9,seq776_[chr19:3968792-3968962],
REST_Fimo_ENCODE_9,seq194_[chr10:69913462-69913632],
REST_Fimo_ENCODE_9,seq2272_[chr2:211627649-211627819],
REST_Fimo_ENCODE_9,seq366_[chr12:33741075-33741245],
REST_Fimo_ENCODE_9,seq1263_[chr5:123210525-123210695],
REST_Fimo_ENCODE_9,seq832_[chr2:36498299-36498469],
REST_Fimo_ENCODE_9,seq956_[chr2:233916594-233916764],
REST_Fimo_ENCODE_9,seq19_[chr1:11741207-11741377],
REST_Fimo_ENCODE_9,seq1039_[chr22:39610563-39610733],
REST_Fimo_ENCODE_9,seq493_[chr14:64854653-64854823],
REST_Fimo_ENCODE_9,seq2235_[chr10:74057828-74057998],
REST_Fimo_ENCODE_9,seq1255_[chr5:107008317-107008487],
REST_Fimo_ENCODE_9,seq1714_[chr12:55457211-55457381],
REST_Fimo_ENCODE_9,controls_seq148_[chr9:110235258-110235428],
REST_Fimo_ENCODE_9,seq1623_[chr1:9774468-9774638],
REST_Fimo_ENCODE_9,seq487_[chr14:54209002-54209172],
REST_Fimo_ENCODE_9,seq461_[chr13:63086520-63086690],
REST_Fimo_ENCODE_9,seq2266_[chr17:74117555-74117725],
REST_Fimo_ENCODE_9,seq842_[chr2:42274000-42274170],
REST_Fimo_ENCODE_9,seq966_[chr2:236995715-236995885],
REST_Fimo_ENCODE_9,seq1618_[chrX:130611512-130611682],
REST_Fimo_ENCODE_9,seq865_[chr2:69135637-69135807],
REST_Fimo_ENCODE_9,seq2206_[chr1:40442529-40442699],
REST_Fimo_ENCODE_9,seq904_[chr2:157487561-157487731],
REST_Fimo_ENCODE_9,seq1927_[chr3:64624784-64624954],
REST_Fimo_ENCODE_9,seq1266_[chr5:129060420-129060590],
REST_Fimo_ENCODE_9,seq322_[chr11:102079639-102079809],
REST_Fimo_ENCODE_9,seq51_[chr1:33808005-33808175],
REST_Fimo_ENCODE_9,seq1219_[chr5:14036238-14036408],
REST_Fimo_ENCODE_9,seq2249_[chr12:57914375-57914545],
REST_Fimo_ENCODE_9,seq1432_[chr7:75793253-75793423],
REST_Fimo_ENCODE_9,seq1526_[chr8:128822474-128822644],
REST_Fimo_ENCODE_9,seq2001_[chr7:29596496-29596666],
REST_Fimo_ENCODE_9,seq1207_[chr5:2751732-2751902],
REST_Fimo_ENCODE_9,seq1311_[chr6:15895241-15895411],
MZF1_Fimo_ENCODE_1,seq1571_[chr9:94649070-94649240],Induction/activity_at_TP_72h
MZF1_Fimo_ENCODE_1,seq2232_[chr10:74020532-74020702],Induction/activity_at_TP_48h
MZF1_Fimo_ENCODE_1,seq200_[chr10:77161522-77161692],
MZF1_Fimo_ENCODE_1,seq2231_[chr10:74014932-74015102],
MZF1_Fimo_ENCODE_1,seq1061_[chr3:45726102-45726272],
MZF1_Fimo_ENCODE_1,seq31_[chr1:20813189-20813359],
MZF1_Fimo_ENCODE_1,seq1191_[chr4:169762284-169762454],
MZF1_Fimo_ENCODE_1,seq2272_[chr2:211627649-211627819],
MZF1_Fimo_ENCODE_1,seq2266_[chr17:74117555-74117725],
MZF1_Fimo_ENCODE_1,seq19_[chr1:11741207-11741377],
MZF1_Fimo_ENCODE_1,seq297_[chr11:67203946-67204116],
MZF1_Fimo_ENCODE_1,seq397_[chr12:89845723-89845893],
MZF1_Fimo_ENCODE_1,seq966_[chr2:236995715-236995885],
MZF1_Fimo_ENCODE_1,seq1311_[chr6:15895241-15895411],
MZF1_Fimo_ENCODE_1,seq792_[chr19:17246400-17246570],
MZF1_Fimo_ENCODE_1,seq1147_[chr4:56147529-56147699],
MZF1_Fimo_ENCODE_1,seq487_[chr14:54209002-54209172],
MZF1_Fimo_ENCODE_1,seq1055_[chr3:20371483-20371653],
MZF1_Fimo_ENCODE_1,seq820_[chr2:8776917-8777087],
LHX5_Fimo_ENCODE_1,seq203_[chr10:77842878-77843048],Induction/activity_at_TP_72h
LHX5_Fimo_ENCODE_1,seq63_[chr1:43432875-43433045],Induction/activity_at_TP_48h
LHX5_Fimo_ENCODE_1,seq905_[chr2:161781638-161781808],Induction/activity_at_TP_12h
LHX5_Fimo_ENCODE_1,seq1446_[chr7:100743510-100743680],Induction/activity_at_TP_24h
LHX5_Fimo_ENCODE_1,seq1516_[chr8:104663261-104663431],
LHX5_Fimo_ENCODE_1,seq1927_[chr3:64624784-64624954],
LHX5_Fimo_ENCODE_1,seq2291_[chr6:113908526-113908696],
LHX5_Fimo_ENCODE_1,seq1606_[chr9:138232061-138232231],
LHX5_Fimo_ENCODE_1,seq297_[chr11:67203946-67204116],
LHX5_Fimo_ENCODE_1,seq193_[chr10:69621993-69622163],
LHX5_Fimo_ENCODE_1,seq1282_[chr5:147254685-147254855],
LHX5_Fimo_ENCODE_1,seq401_[chr12:95945211-95945381],
LHX5_Fimo_ENCODE_1,seq493_[chr14:64854653-64854823],
LHX5_Fimo_ENCODE_1,seq689_[chr17:47943180-47943350],
LHX5_Fimo_ENCODE_1,seq2237_[chr10:102245397-102245567],
NFKB2_Fimo_hg19_2,seq1485_[chr7:151167884-151168054],Induction/activity_at_TP_12h
NFKB2_Fimo_hg19_2,seq2109_[chr18:22628079-22628249],Induction/activity_at_TP_3h
NFKB2_Fimo_hg19_2,seq1191_[chr4:169762284-169762454],Induction/activity_at_TP_6h
NFKB2_Fimo_hg19_2,seq1193_[chr4:173995523-173995693],Induction/activity_at_TP_48h
NFKB2_Fimo_hg19_2,seq1397_[chr7:12368757-12368927],pathway_hsa04010
NFKB2_Fimo_hg19_2,seq905_[chr2:161781638-161781808],
NFKB2_Fimo_hg19_2,seq236_[chr10:126158599-126158769],
NFKB2_Fimo_hg19_2,seq2263_[chr17:13542498-13542668],
NFKB2_Fimo_hg19_2,seq31_[chr1:20813189-20813359],
NFKB2_Fimo_hg19_2,seq2228_[chr10:34716436-34716606],
NFKB2_Fimo_hg19_2,seq1275_[chr5:141928420-141928590],
NFKB2_Fimo_hg19_2,seq1205_[chr5:1515005-1515175],
NFKB2_Fimo_hg19_2,seq297_[chr11:67203946-67204116],
NFKB2_Fimo_hg19_2,seq1526_[chr8:128822474-128822644],
NFKB2_Fimo_hg19_2,seq2027_[chr8:65936285-65936455],
NFKB2_Fimo_hg19_2,seq689_[chr17:47943180-47943350],
NFKB2_Fimo_hg19_2,seq1774_[chr15:39959593-39959763],
NFKB2_Fimo_hg19_2,seq1688_[chr11:13123771-13123941],
NFKB2_Fimo_hg19_2,seq1255_[chr5:107008317-107008487],
NFKB2_Fimo_hg19_2,seq2269_[chr18:74110957-74111127],
POU3F1_Fimo_ENCODE_2,seq1175_[chr4:125380900-125381070],hand_picked_TFs
POU3F1_Fimo_ENCODE_2,seq776_[chr19:3968792-3968962],Induction/activity_at_TP_72h
POU3F1_Fimo_ENCODE_2,seq161_[chr1:233431342-233431512],Induction/activity_at_TP_0h
POU3F1_Fimo_ENCODE_2,seq1163_[chr4:91119425-91119595],Induction/activity_at_TP_12h
POU3F1_Fimo_ENCODE_2,seq807_[chr19:52408231-52408401],Induction/activity_at_TP_48h
POU3F1_Fimo_ENCODE_2,seq2249_[chr12:57914375-57914545],Induction/activity_at_TP_24h
POU3F1_Fimo_ENCODE_2,seq2089_[chr13:112726838-112727008],
POU3F1_Fimo_ENCODE_2,seq580_[chr15:89536311-89536481],
POU3F1_Fimo_ENCODE_2,seq125_[chr1:178235935-178236105],
POU3F1_Fimo_ENCODE_2,seq1774_[chr15:39959593-39959763],
POU3F1_Fimo_ENCODE_2,seq1359_[chr6:126070571-126070741],
POU3F1_Fimo_ENCODE_2,seq1485_[chr7:151167884-151168054],
POU3F1_Fimo_ENCODE_2,seq2300_[chr8:133412943-133413113],
POU3F1_Fimo_ENCODE_2,seq405_[chr12:101960136-101960306],
POU3F1_Fimo_ENCODE_2,seq1385_[chr7:2539826-2539996],
POU3F1_Fimo_ENCODE_2,seq1937_[chr3:155432158-155432328],
POU3F1_Fimo_ENCODE_2,seq193_[chr10:69621993-69622163],
POU3F1_Fimo_ENCODE_2,controls_seq55_[chr3:147652769-147652939],
POU3F1_Fimo_ENCODE_2,seq2305_[chr9:117068145-117068315],
POU3F1_Fimo_ENCODE_2,seq1400_[chr7:13875076-13875246],
POU3F1_Fimo_ENCODE_2,seq857_[chr2:58767177-58767347],
POU3F1_Fimo_ENCODE_2,controls_seq46_[chr2:174989094-174989264],
HOMEZ_Fimo_hg19_1,seq1796_[chr16:54385386-54385556],Induction/activity_at_TP_0h
HOMEZ_Fimo_hg19_1,seq1914_[chr22:27898396-27898566],Induction/activity_at_TP_48h
HOMEZ_Fimo_hg19_1,seq1559_[chr9:73035377-73035547],Induction/activity_at_TP_12h
HOMEZ_Fimo_hg19_1,seq1397_[chr7:12368757-12368927],Induction/activity_at_TP_24h
HOMEZ_Fimo_hg19_1,seq1385_[chr7:2539826-2539996],
HOMEZ_Fimo_hg19_1,seq1432_[chr7:75793253-75793423],
HOMEZ_Fimo_hg19_1,seq1774_[chr15:39959593-39959763],
HOMEZ_Fimo_hg19_1,seq1516_[chr8:104663261-104663431],
HOMEZ_Fimo_hg19_1,seq590_[chr15:93905528-93905698],
OTX1_Fimo_ENCODE_2,seq1796_[chr16:54385386-54385556],Consistency/belonging_with/to_MPRA_cluster_4_that_intersect_with_K27ac_cluster_4
OTX1_Fimo_ENCODE_2,seq2263_[chr17:13542498-13542668],Induction/activity_at_TP_72h
OTX1_Fimo_ENCODE_2,seq485_[chr14:51706847-51707017],
OTX1_Fimo_ENCODE_2,seq776_[chr19:3968792-3968962],
OTX1_Fimo_ENCODE_2,controls_seq49_[chr21:34291162-34291332],
OTX1_Fimo_ENCODE_2,seq231_[chr10:123339836-123340006],
OTX1_Fimo_ENCODE_2,seq464_[chr13:79232505-79232675],
OTX1_Fimo_ENCODE_2,seq297_[chr11:67203946-67204116],
OTX1_Fimo_ENCODE_2,seq1240_[chr5:72783756-72783926],
OTX1_Fimo_ENCODE_2,seq215_[chr10:92690066-92690236],
OTX1_Fimo_ENCODE_2,seq2027_[chr8:65936285-65936455],
OTX1_Fimo_ENCODE_2,seq1207_[chr5:2751732-2751902],
OTX1_Fimo_ENCODE_2,seq689_[chr17:47943180-47943350],
OTX1_Fimo_ENCODE_2,seq1370_[chr6:154864096-154864266],
OTX1_Fimo_ENCODE_2,seq1542_[chr9:16768932-16769102],
SOX21_Fimo_ENCODE_3,seq2236_[chr10:74114347-74114517],Induction/activity_at_TP_72h
SOX21_Fimo_ENCODE_3,seq1366_[chr6:144651800-144651970],Induction/activity_at_TP_6h
SOX21_Fimo_ENCODE_3,seq1648_[chr1:101200853-101201023],Induction/activity_at_TP_0h
SOX21_Fimo_ENCODE_3,seq793_[chr19:18365973-18366143],Induction/activity_at_TP_12h
SOX21_Fimo_ENCODE_3,seq469_[chr13:101768198-101768368],Induction/activity_at_TP_48h
SOX21_Fimo_ENCODE_3,seq96_[chr1:113570296-113570466],Induction/activity_at_TP_24h
SOX21_Fimo_ENCODE_3,controls_seq49_[chr21:34291162-34291332],
SOX21_Fimo_ENCODE_3,seq1900_[chr20:46433296-46433466],
SOX21_Fimo_ENCODE_3,seq842_[chr2:42274000-42274170],
SOX21_Fimo_ENCODE_3,seq397_[chr12:89845723-89845893],
SOX21_Fimo_ENCODE_3,seq334_[chr11:121671606-121671776],
SOX21_Fimo_ENCODE_3,seq1311_[chr6:15895241-15895411],
SOX21_Fimo_ENCODE_3,seq732_[chr18:6752629-6752799],
SOX21_Fimo_ENCODE_3,seq1370_[chr6:154864096-154864266],
SOX21_Fimo_ENCODE_3,seq1055_[chr3:20371483-20371653],
CR936877.3_Fimo_hg19_22,seq432_[chr12:124625507-124625677],Consistency/belonging_with/to_MPRA_cluster_3_that_intersect_with_K27ac_cluster_3
CR936877.3_Fimo_hg19_22,seq1559_[chr9:73035377-73035547],Consistency/belonging_with/to_MPRA_cluster_3_that_intersect_with_ATACseq_cluster_1
CR936877.3_Fimo_hg19_22,seq1060_[chr3:33619186-33619356],
CR936877.3_Fimo_hg19_22,seq180_[chr10:33247228-33247398],
CR936877.3_Fimo_hg19_22,seq956_[chr2:233916594-233916764],
CR936877.3_Fimo_hg19_22,seq2001_[chr7:29596496-29596666],
CR936877.3_Fimo_hg19_22,seq1163_[chr4:91119425-91119595],
CR936877.3_Fimo_hg19_22,seq1432_[chr7:75793253-75793423],
CR936877.3_Fimo_hg19_22,seq215_[chr10:92690066-92690236],
CR936877.3_Fimo_hg19_22,seq321_[chr11:102068532-102068702],
CR936877.3_Fimo_hg19_22,seq1767_[chr14:96494017-96494187],
CR936877.3_Fimo_hg19_22,seq1207_[chr5:2751732-2751902],
CR936877.3_Fimo_hg19_22,seq1570_[chr9:94647461-94647631],
CR936877.3_Fimo_hg19_22,seq1055_[chr3:20371483-20371653],
CR936877.3_Fimo_hg19_22,seq117_[chr1:160983560-160983730],
BARHL1_Fimo_ENCODE_3,seq2166_[chr9:126773515-126773685],Induction/activity_at_TP_72h
BARHL1_Fimo_ENCODE_3,seq511_[chr14:75745409-75745579],Induction/activity_at_TP_48h
BARHL1_Fimo_ENCODE_3,seq905_[chr2:161781638-161781808],
BARHL1_Fimo_ENCODE_3,seq116_[chr1:160951446-160951616],
BARHL1_Fimo_ENCODE_3,seq2272_[chr2:211627649-211627819],
BARHL1_Fimo_ENCODE_3,seq1606_[chr9:138232061-138232231],
BARHL1_Fimo_ENCODE_3,seq1900_[chr20:46433296-46433466],
BARHL1_Fimo_ENCODE_3,seq1927_[chr3:64624784-64624954],
BARHL1_Fimo_ENCODE_3,seq857_[chr2:58767177-58767347],
BARHL1_Fimo_ENCODE_3,seq820_[chr2:8776917-8777087],
BARHL1_Fimo_ENCODE_3,seq1048_[chr22:46241068-46241238],
BARHL1_Fimo_ENCODE_3,seq1207_[chr5:2751732-2751902],
BARHL1_Fimo_ENCODE_3,seq2165_[chr6:99282262-99282432],
BARHL1_Fimo_ENCODE_3,seq1147_[chr4:56147529-56147699],
BARHL1_Fimo_ENCODE_3,controls_seq55_[chr3:147652769-147652939],
GLI1_Fimo_hg19_11,seq1609_[chr9:139695644-139695814],Induction/activity_at_TP_0h
GLI1_Fimo_hg19_11,seq363_[chr12:32552619-32552789],Induction/activity_at_TP_48h
GLI1_Fimo_hg19_11,seq680_[chr17:42633937-42634107],Induction/activity_at_TP_12h
GLI1_Fimo_hg19_11,seq487_[chr14:54209002-54209172],pathway_hsa04340
GLI1_Fimo_hg19_11,seq1516_[chr8:104663261-104663431],
GLI1_Fimo_hg19_11,seq2109_[chr18:22628079-22628249],
GLI1_Fimo_hg19_11,seq2053_[chr9:108438869-108439039],
GLI1_Fimo_hg19_11,seq217_[chr10:98105168-98105338],
GLI1_Fimo_hg19_11,seq1039_[chr22:39610563-39610733],
GLI1_Fimo_hg19_11,seq1163_[chr4:91119425-91119595],
GLI1_Fimo_hg19_11,seq1430_[chr7:73693981-73694151],
GLI1_Fimo_hg19_11,seq887_[chr2:121467289-121467459],
GLI1_Fimo_hg19_11,seq2139_[chr6:98973889-98974059],
GLI1_Fimo_hg19_11,seq493_[chr14:64854653-64854823],
GLI1_Fimo_hg19_11,seq2020_[chr8:13214951-13215121],
GLI1_Fimo_hg19_11,seq2212_[chr1:59249676-59249846],
FOXJ2_Fimo_ENCODE_1,seq2264_[chr17:36729216-36729386],Consistency/belonging_with/to_MPRA_cluster_1_that_intersect_with_K27ac_cluster_1
FOXJ2_Fimo_ENCODE_1,seq258_[chr11:10373615-10373785],Induction/activity_at_TP_0h
FOXJ2_Fimo_ENCODE_1,seq1196_[chr4:184026378-184026548],
FOXJ2_Fimo_ENCODE_1,seq905_[chr2:161781638-161781808],
FOXJ2_Fimo_ENCODE_1,seq461_[chr13:63086520-63086690],
FOXJ2_Fimo_ENCODE_1,seq1493_[chr8:32987010-32987180],
FOXJ2_Fimo_ENCODE_1,seq2053_[chr9:108438869-108439039],
FOXJ2_Fimo_ENCODE_1,seq2126_[chr2:2835494-2835664],
FOXJ2_Fimo_ENCODE_1,seq887_[chr2:121467289-121467459],
FOXJ2_Fimo_ENCODE_1,seq807_[chr19:52408231-52408401],
FOXJ2_Fimo_ENCODE_1,seq1658_[chr10:17430253-17430423],
FOXJ2_Fimo_ENCODE_1,seq792_[chr19:17246400-17246570],
FOXJ2_Fimo_ENCODE_1,seq1359_[chr6:126070571-126070741],
FOXJ2_Fimo_ENCODE_1,seq820_[chr2:8776917-8777087],
FOXJ2_Fimo_ENCODE_1,seq836_[chr2:37423583-37423753],
E2F4_Fimo_hg19_3,seq1914_[chr22:27898396-27898566],Consistency/belonging_with/to_MPRA_cluster_1_that_intersect_with_RNAseq_cluster_1
E2F4_Fimo_hg19_3,seq1571_[chr9:94649070-94649240],Induction/activity_at_TP_0h
E2F4_Fimo_hg19_3,seq363_[chr12:32552619-32552789],
E2F4_Fimo_hg19_3,controls_seq148_[chr9:110235258-110235428],
E2F4_Fimo_hg19_3,seq993_[chr20:44393959-44394129],
E2F4_Fimo_hg19_3,controls_seq157_[chr9:110857575-110857745],
E2F4_Fimo_hg19_3,seq1191_[chr4:169762284-169762454],
E2F4_Fimo_hg19_3,seq2272_[chr2:211627649-211627819],
E2F4_Fimo_hg19_3,seq956_[chr2:233916594-233916764],
E2F4_Fimo_hg19_3,seq366_[chr12:33741075-33741245],
E2F4_Fimo_hg19_3,seq1432_[chr7:75793253-75793423],
E2F4_Fimo_hg19_3,seq321_[chr11:102068532-102068702],
E2F4_Fimo_hg19_3,seq322_[chr11:102079639-102079809],
E2F4_Fimo_hg19_3,seq966_[chr2:236995715-236995885],
E2F4_Fimo_hg19_3,seq2132_[chr3:181956041-181956211],
BCL11B_Fimo_hg19_1,seq1191_[chr4:169762284-169762454],Induction/activity_at_TP_24h
BCL11B_Fimo_hg19_1,seq1339_[chr6:86379630-86379800],Consistency/belonging_with/to_MPRA_cluster_3_that_intersect_with_RNAseq_cluster_3
BCL11B_Fimo_hg19_1,seq1263_[chr5:123210525-123210695],
BCL11B_Fimo_hg19_1,seq1505_[chr8:72836323-72836493],
BCL11B_Fimo_hg19_1,seq487_[chr14:54209002-54209172],
BCL11B_Fimo_hg19_1,seq231_[chr10:123339836-123340006],
BCL11B_Fimo_hg19_1,seq1429_[chr7:73509281-73509451],
BCL11B_Fimo_hg19_1,seq116_[chr1:160951446-160951616],
BCL11B_Fimo_hg19_1,seq414_[chr12:110318406-110318576],
BCL11B_Fimo_hg19_1,controls_seq174_[chr6:31126527-31126697],
BCL11B_Fimo_hg19_1,seq956_[chr2:233916594-233916764],
BCL11B_Fimo_hg19_1,seq154_[chr1:228110602-228110772],
BCL11B_Fimo_hg19_1,seq1205_[chr5:1515005-1515175],
BCL11B_Fimo_hg19_1,seq1570_[chr9:94647461-94647631],
BCL11B_Fimo_hg19_1,seq1359_[chr6:126070571-126070741],
BCL11B_Fimo_hg19_1,seq1796_[chr16:54385386-54385556],
BCL11B_Fimo_hg19_1,seq1571_[chr9:94649070-94649240],
BCL11B_Fimo_hg19_1,seq732_[chr18:6752629-6752799],
BCL11B_Fimo_hg19_1,seq258_[chr11:10373615-10373785],
BCL11B_Fimo_hg19_1,seq1767_[chr14:96494017-96494187],
BCL11B_Fimo_hg19_1,seq266_[chr11:20178226-20178396],
BCL11B_Fimo_hg19_1,seq1142_[chr4:41258753-41258923],
BCL11B_Fimo_hg19_1,seq2234_[chr10:74033439-74033609],
BCL11B_Fimo_hg19_1,seq521_[chr14:100355660-100355830],
BCL11B_Fimo_hg19_1,seq2233_[chr10:74032638-74032808],
BCL11B_Fimo_hg19_1,seq1526_[chr8:128822474-128822644],
BCL11B_Fimo_hg19_1,seq1769_[chr14:100350343-100350513],
BCL11B_Fimo_hg19_1,seq1311_[chr6:15895241-15895411],
BCL11B_Fimo_hg19_1,seq2132_[chr3:181956041-181956211],
BCL11B_Fimo_hg19_1,seq1274_[chr5:140381871-140382041],
USF2_Fimo_hg19_2,seq1340_[chr6:90193123-90193293],Consistency/belonging_with/to_MPRA_cluster_3_that_intersect_with_K27ac_cluster_3
USF2_Fimo_hg19_2,seq865_[chr2:69135637-69135807],Consistency/belonging_with/to_MPRA_cluster_3_that_intersect_with_ATACseq_cluster_1
USF2_Fimo_hg19_2,controls_seq148_[chr9:110235258-110235428],
USF2_Fimo_hg19_2,seq2269_[chr18:74110957-74111127],
USF2_Fimo_hg19_2,seq1556_[chr9:71487184-71487354],
USF2_Fimo_hg19_2,controls_seq157_[chr9:110857575-110857745],
USF2_Fimo_hg19_2,seq867_[chr2:70995246-70995416],
USF2_Fimo_hg19_2,controls_seq75_[chr6:23180868-23181038],
USF2_Fimo_hg19_2,seq1142_[chr4:41258753-41258923],
USF2_Fimo_hg19_2,seq215_[chr10:92690066-92690236],
USF2_Fimo_hg19_2,seq1430_[chr7:73693981-73694151],
USF2_Fimo_hg19_2,seq350_[chr12:8962852-8963022],
USF2_Fimo_hg19_2,seq2109_[chr18:22628079-22628249],
USF2_Fimo_hg19_2,seq117_[chr1:160983560-160983730],
USF2_Fimo_hg19_2,seq200_[chr10:77161522-77161692],
TFAP2_Fimo_ENCODE_10,seq63_[chr1:43432875-43433045],Consistency/belonging_with/to_MPRA_cluster_1_that_intersect_with_K27ac_cluster_1
TFAP2_Fimo_ENCODE_10,seq2206_[chr1:40442529-40442699],Consistency/belonging_with/to_MPRA_cluster_1_that_intersect_with_RNAseq_cluster_1
TFAP2_Fimo_ENCODE_10,controls_seq148_[chr9:110235258-110235428],
TFAP2_Fimo_ENCODE_10,seq993_[chr20:44393959-44394129],
TFAP2_Fimo_ENCODE_10,seq793_[chr19:18365973-18366143],
TFAP2_Fimo_ENCODE_10,seq1049_[chr22:46440726-46440896],
TFAP2_Fimo_ENCODE_10,seq904_[chr2:157487561-157487731],
TFAP2_Fimo_ENCODE_10,seq2266_[chr17:74117555-74117725],
TFAP2_Fimo_ENCODE_10,seq2001_[chr7:29596496-29596666],
TFAP2_Fimo_ENCODE_10,seq857_[chr2:58767177-58767347],
TFAP2_Fimo_ENCODE_10,seq1526_[chr8:128822474-128822644],
TFAP2_Fimo_ENCODE_10,seq1048_[chr22:46241068-46241238],
TFAP2_Fimo_ENCODE_10,seq2235_[chr10:74057828-74057998],
TFAP2_Fimo_ENCODE_10,seq487_[chr14:54209002-54209172],
TFAP2_Fimo_ENCODE_10,seq19_[chr1:11741207-11741377],
SP8_Fimo_ENCODE_1,seq363_[chr12:32552619-32552789],Induction/activity_at_TP_72h
SP8_Fimo_ENCODE_1,seq1493_[chr8:32987010-32987180],Induction/activity_at_TP_3h
SP8_Fimo_ENCODE_1,seq793_[chr19:18365973-18366143],Induction/activity_at_TP_24h
SP8_Fimo_ENCODE_1,seq31_[chr1:20813189-20813359],
SP8_Fimo_ENCODE_1,seq2272_[chr2:211627649-211627819],
SP8_Fimo_ENCODE_1,seq366_[chr12:33741075-33741245],
SP8_Fimo_ENCODE_1,seq825_[chr2:17721823-17721993],
SP8_Fimo_ENCODE_1,seq1263_[chr5:123210525-123210695],
SP8_Fimo_ENCODE_1,seq297_[chr11:67203946-67204116],
SP8_Fimo_ENCODE_1,seq487_[chr14:54209002-54209172],
SP8_Fimo_ENCODE_1,seq2001_[chr7:29596496-29596666],
SP8_Fimo_ENCODE_1,seq966_[chr2:236995715-236995885],
SP8_Fimo_ENCODE_1,seq1049_[chr22:46440726-46440896],
SP8_Fimo_ENCODE_1,seq2266_[chr17:74117555-74117725],
SP8_Fimo_ENCODE_1,seq1048_[chr22:46241068-46241238],
SP8_Fimo_ENCODE_1,seq1570_[chr9:94647461-94647631],
SP8_Fimo_ENCODE_1,seq200_[chr10:77161522-77161692],
SP8_Fimo_ENCODE_1,seq450_[chr13:43167231-43167401],
SP8_Fimo_ENCODE_1,seq1811_[chr17:6365105-6365275],
SP8_Fimo_ENCODE_1,seq1060_[chr3:33619186-33619356],
SP8_Fimo_ENCODE_1,seq398_[chr12:92860238-92860408],
SP8_Fimo_ENCODE_1,seq322_[chr11:102079639-102079809],
SP8_Fimo_ENCODE_1,seq1055_[chr3:20371483-20371653],
SP8_Fimo_ENCODE_1,seq1507_[chr8:77593271-77593441],
SP8_Fimo_ENCODE_1,seq1339_[chr6:86379630-86379800],
SP8_Fimo_ENCODE_1,seq2232_[chr10:74020532-74020702],
SP8_Fimo_ENCODE_1,seq1311_[chr6:15895241-15895411],
SP8_Fimo_ENCODE_1,seq2020_[chr8:13214951-13215121],
GLIS2_Fimo_ENCODE_1,seq1507_[chr8:77593271-77593441],Consistency/belonging_with/to_MPRA_cluster_4_that_intersect_with_K27ac_cluster_5
GLIS2_Fimo_ENCODE_1,seq363_[chr12:32552619-32552789],Consistency/belonging_with/to_MPRA_cluster_4_that_intersect_with_RNAseq_cluster_4
GLIS2_Fimo_ENCODE_1,seq2242_[chr11:46615443-46615613],
GLIS2_Fimo_ENCODE_1,seq1609_[chr9:139695644-139695814],
GLIS2_Fimo_ENCODE_1,seq194_[chr10:69913462-69913632],
GLIS2_Fimo_ENCODE_1,seq1049_[chr22:46440726-46440896],
GLIS2_Fimo_ENCODE_1,seq2126_[chr2:2835494-2835664],
GLIS2_Fimo_ENCODE_1,seq297_[chr11:67203946-67204116],
GLIS2_Fimo_ENCODE_1,seq1205_[chr5:1515005-1515175],
GLIS2_Fimo_ENCODE_1,seq1556_[chr9:71487184-71487354],
GLIS2_Fimo_ENCODE_1,seq497_[chr14:68400983-68401153],
GLIS2_Fimo_ENCODE_1,seq1266_[chr5:129060420-129060590],
GLIS2_Fimo_ENCODE_1,seq1147_[chr4:56147529-56147699],
GLIS2_Fimo_ENCODE_1,seq487_[chr14:54209002-54209172],
GLIS2_Fimo_ENCODE_1,seq1542_[chr9:16768932-16769102],
NR2F2_Fimo_hg19_22,controls_seq8_[chr10:102245394-102245564],Induction/activity_at_TP_72h
NR2F2_Fimo_hg19_22,seq432_[chr12:124625507-124625677],Consistency/belonging_with/to_MPRA_cluster_3_that_intersect_with_K27ac_cluster_3
NR2F2_Fimo_hg19_22,seq904_[chr2:157487561-157487731],Induction/activity_at_TP_48h
NR2F2_Fimo_hg19_22,seq2300_[chr8:133412943-133413113],
NR2F2_Fimo_hg19_22,seq1767_[chr14:96494017-96494187],
NR2F2_Fimo_hg19_22,seq180_[chr10:33247228-33247398],
NR2F2_Fimo_hg19_22,seq521_[chr14:100355660-100355830],
NR2F2_Fimo_hg19_22,seq1432_[chr7:75793253-75793423],
NR2F2_Fimo_hg19_22,seq215_[chr10:92690066-92690236],
NR2F2_Fimo_hg19_22,seq956_[chr2:233916594-233916764],
NR2F2_Fimo_hg19_22,seq1060_[chr3:33619186-33619356],
NR2F2_Fimo_hg19_22,seq397_[chr12:89845723-89845893],
NR2F2_Fimo_hg19_22,seq689_[chr17:47943180-47943350],
NR2F2_Fimo_hg19_22,seq1570_[chr9:94647461-94647631],
NR2F2_Fimo_hg19_22,seq2001_[chr7:29596496-29596666],
PKNOX2_Fimo_hg19_5,controls_seq36_[chr18:49573352-49573522],Induction/activity_at_TP_0h
PKNOX2_Fimo_hg19_5,seq391_[chr12:62500395-62500565],Induction/activity_at_TP_48h
PKNOX2_Fimo_hg19_5,seq231_[chr10:123339836-123340006],Induction/activity_at_TP_12h
PKNOX2_Fimo_hg19_5,seq2232_[chr10:74020532-74020702],Induction/activity_at_TP_24h
PKNOX2_Fimo_hg19_5,seq2269_[chr18:74110957-74111127],
PKNOX2_Fimo_hg19_5,seq2229_[chr10:74008393-74008563],
PKNOX2_Fimo_hg19_5,seq1370_[chr6:154864096-154864266],
PKNOX2_Fimo_hg19_5,seq2166_[chr9:126773515-126773685],
PKNOX2_Fimo_hg19_5,seq867_[chr2:70995246-70995416],
PKNOX2_Fimo_hg19_5,seq1886_[chr20:10618280-10618450],
PKNOX2_Fimo_hg19_5,seq366_[chr12:33741075-33741245],
PKNOX2_Fimo_hg19_5,seq857_[chr2:58767177-58767347],
PKNOX2_Fimo_hg19_5,seq2159_[chr3:181433881-181434051],
PKNOX2_Fimo_hg19_5,seq1556_[chr9:71487184-71487354],
PKNOX2_Fimo_hg19_5,seq792_[chr19:17246400-17246570],
PKNOX2_Fimo_hg19_5,seq1147_[chr4:56147529-56147699],
PKNOX2_Fimo_hg19_5,seq493_[chr14:64854653-64854823],
PKNOX2_Fimo_hg19_5,seq450_[chr13:43167231-43167401],
PKNOX2_Fimo_hg19_5,seq485_[chr14:51706847-51707017],
PKNOX2_Fimo_hg19_5,controls_seq110_[chr2:30607896-30608066],
NFE2L2_Fimo_ENCODE_1,seq1340_[chr6:90193123-90193293],Induction/activity_at_TP_3h
NFE2L2_Fimo_ENCODE_1,seq2166_[chr9:126773515-126773685],Induction/activity_at_TP_6h
NFE2L2_Fimo_ENCODE_1,seq1193_[chr4:173995523-173995693],Consistency/belonging_with/to_MPRA_cluster_1_that_intersect_with_RNAseq_cluster_1
NFE2L2_Fimo_ENCODE_1,seq1493_[chr8:32987010-32987180],
NFE2L2_Fimo_ENCODE_1,controls_seq157_[chr9:110857575-110857745],
NFE2L2_Fimo_ENCODE_1,seq793_[chr19:18365973-18366143],
NFE2L2_Fimo_ENCODE_1,controls_seq75_[chr6:23180868-23181038],
NFE2L2_Fimo_ENCODE_1,seq2279_[chr22:36727609-36727779],
NFE2L2_Fimo_ENCODE_1,seq956_[chr2:233916594-233916764],
NFE2L2_Fimo_ENCODE_1,seq1563_[chr9:75295558-75295728],
NFE2L2_Fimo_ENCODE_1,seq217_[chr10:98105168-98105338],
NFE2L2_Fimo_ENCODE_1,seq96_[chr1:113570296-113570466],
NFE2L2_Fimo_ENCODE_1,seq1859_[chr2:123819105-123819275],
NFE2L2_Fimo_ENCODE_1,seq1311_[chr6:15895241-15895411],
NFE2L2_Fimo_ENCODE_1,controls_seq162_[chr8:128822479-128822649],
SOX9_Fimo_hg19_27,controls_seq36_[chr18:49573352-49573522],Consistency/belonging_with/to_MPRA_cluster_2_that_intersect_with_K27ac_cluster_2
SOX9_Fimo_hg19_27,seq1507_[chr8:77593271-77593441],Induction/activity_at_TP_48h
SOX9_Fimo_hg19_27,seq602_[chr16:6246080-6246250],Induction/activity_at_TP_24h
SOX9_Fimo_hg19_27,seq2027_[chr8:65936285-65936455],
SOX9_Fimo_hg19_27,seq270_[chr11:25601079-25601249],
SOX9_Fimo_hg19_27,seq1400_[chr7:13875076-13875246],
SOX9_Fimo_hg19_27,controls_seq75_[chr6:23180868-23181038],
SOX9_Fimo_hg19_27,seq1205_[chr5:1515005-1515175],
SOX9_Fimo_hg19_27,seq1282_[chr5:147254685-147254855],
SOX9_Fimo_hg19_27,seq1811_[chr17:6365105-6365275],
SOX9_Fimo_hg19_27,seq1060_[chr3:33619186-33619356],
SOX9_Fimo_hg19_27,seq398_[chr12:92860238-92860408],
SOX9_Fimo_hg19_27,seq677_[chr17:37845417-37845587],
SOX9_Fimo_hg19_27,seq820_[chr2:8776917-8777087],
SOX9_Fimo_hg19_27,seq836_[chr2:37423583-37423753],
USF1_Fimo_hg19_9,seq1142_[chr4:41258753-41258923],Consistency/belonging_with/to_MPRA_cluster_4_that_intersect_with_K27ac_cluster_5
USF1_Fimo_hg19_9,controls_seq148_[chr9:110235258-110235428],Induction/activity_at_TP_6h
USF1_Fimo_hg19_9,seq2269_[chr18:74110957-74111127],Induction/activity_at_TP_0h
USF1_Fimo_hg19_9,seq1556_[chr9:71487184-71487354],Induction/activity_at_TP_12h
USF1_Fimo_hg19_9,controls_seq157_[chr9:110857575-110857745],
USF1_Fimo_hg19_9,controls_seq75_[chr6:23180868-23181038],
USF1_Fimo_hg19_9,seq2272_[chr2:211627649-211627819],
USF1_Fimo_hg19_9,seq857_[chr2:58767177-58767347],
USF1_Fimo_hg19_9,controls_seq185_[chr11:31832761-31832931],
USF1_Fimo_hg19_9,seq200_[chr10:77161522-77161692],
USF1_Fimo_hg19_9,seq1196_[chr4:184026378-184026548],
USF1_Fimo_hg19_9,seq689_[chr17:47943180-47943350],
USF1_Fimo_hg19_9,seq350_[chr12:8962852-8963022],
USF1_Fimo_hg19_9,seq19_[chr1:11741207-11741377],
USF1_Fimo_hg19_9,seq836_[chr2:37423583-37423753],
PAX6_Fimo_ENCODE_4,seq1485_[chr7:151167884-151168054],Consistency/belonging_with/to_MPRA_cluster_4_that_intersect_with_ATACseq_cluster_4
PAX6_Fimo_ENCODE_4,seq1618_[chrX:130611512-130611682],hand_picked_TFs
PAX6_Fimo_ENCODE_4,seq905_[chr2:161781638-161781808],Induction/activity_at_TP_72h
PAX6_Fimo_ENCODE_4,seq2263_[chr17:13542498-13542668],Consistency/belonging_with/to_MPRA_cluster_4_that_intersect_with_RNAseq_cluster_4
PAX6_Fimo_ENCODE_4,seq1061_[chr3:45726102-45726272],Consistency/belonging_with/to_MPRA_cluster_4_that_intersect_with_K27ac_cluster_4
PAX6_Fimo_ENCODE_4,seq1886_[chr20:10618280-10618450],Induction/activity_at_TP_48h
PAX6_Fimo_ENCODE_4,seq1927_[chr3:64624784-64624954],
PAX6_Fimo_ENCODE_4,seq297_[chr11:67203946-67204116],
PAX6_Fimo_ENCODE_4,seq2159_[chr3:181433881-181434051],
PAX6_Fimo_ENCODE_4,seq398_[chr12:92860238-92860408],
PAX6_Fimo_ENCODE_4,seq2165_[chr6:99282262-99282432],
PAX6_Fimo_ENCODE_4,seq689_[chr17:47943180-47943350],
PAX6_Fimo_ENCODE_4,controls_seq46_[chr2:174989094-174989264],
PAX6_Fimo_ENCODE_4,seq117_[chr1:160983560-160983730],
PAX6_Fimo_ENCODE_4,seq2237_[chr10:102245397-102245567],
DMBX1_Fimo_hg19_10,seq350_[chr12:8962852-8963022],Induction/activity_at_TP_72h
DMBX1_Fimo_hg19_10,seq2263_[chr17:13542498-13542668],Induction/activity_at_TP_48h
DMBX1_Fimo_hg19_10,seq485_[chr14:51706847-51707017],
DMBX1_Fimo_hg19_10,seq1559_[chr9:73035377-73035547],
DMBX1_Fimo_hg19_10,seq2264_[chr17:36729216-36729386],
DMBX1_Fimo_hg19_10,controls_seq180_[chr9:110252111-110252281],
DMBX1_Fimo_hg19_10,seq414_[chr12:110318406-110318576],
DMBX1_Fimo_hg19_10,seq2206_[chr1:40442529-40442699],
DMBX1_Fimo_hg19_10,seq297_[chr11:67203946-67204116],
DMBX1_Fimo_hg19_10,seq193_[chr10:69621993-69622163],
DMBX1_Fimo_hg19_10,seq2027_[chr8:65936285-65936455],
DMBX1_Fimo_hg19_10,seq776_[chr19:3968792-3968962],
DMBX1_Fimo_hg19_10,seq689_[chr17:47943180-47943350],
DMBX1_Fimo_hg19_10,seq1498_[chr8:40771792-40771962],
DMBX1_Fimo_hg19_10,controls_seq162_[chr8:128822479-128822649],
GLI2_Fimo_ENCODE_1,seq391_[chr12:62500395-62500565],Induction/activity_at_TP_0h
GLI2_Fimo_ENCODE_1,seq2242_[chr11:46615443-46615613],Induction/activity_at_TP_48h
GLI2_Fimo_ENCODE_1,seq680_[chr17:42633937-42634107],Induction/activity_at_TP_12h
GLI2_Fimo_ENCODE_1,seq793_[chr19:18365973-18366143],pathway_hsa04340
GLI2_Fimo_ENCODE_1,seq1609_[chr9:139695644-139695814],
GLI2_Fimo_ENCODE_1,seq1937_[chr3:155432158-155432328],
GLI2_Fimo_ENCODE_1,seq2053_[chr9:108438869-108439039],
GLI2_Fimo_ENCODE_1,seq217_[chr10:98105168-98105338],
GLI2_Fimo_ENCODE_1,seq1039_[chr22:39610563-39610733],
GLI2_Fimo_ENCODE_1,seq1430_[chr7:73693981-73694151],
GLI2_Fimo_ENCODE_1,seq1207_[chr5:2751732-2751902],
GLI2_Fimo_ENCODE_1,seq2139_[chr6:98973889-98974059],
GLI2_Fimo_ENCODE_1,seq464_[chr13:79232505-79232675],
GLI2_Fimo_ENCODE_1,seq2020_[chr8:13214951-13215121],
GLI2_Fimo_ENCODE_1,seq2212_[chr1:59249676-59249846],
RARA_Fimo_ENCODE_8,seq374_[chr12:49380487-49380657],Induction/activity_at_TP_48h
RARA_Fimo_ENCODE_8,seq363_[chr12:32552619-32552789],Consistency/belonging_with/to_MPRA_cluster_3_that_intersect_with_RNAseq_cluster_3
RARA_Fimo_ENCODE_8,seq1193_[chr4:173995523-173995693],
RARA_Fimo_ENCODE_8,seq200_[chr10:77161522-77161692],
RARA_Fimo_ENCODE_8,seq1493_[chr8:32987010-32987180],
RARA_Fimo_ENCODE_8,seq414_[chr12:110318406-110318576],
RARA_Fimo_ENCODE_8,controls_seq174_[chr6:31126527-31126697],
RARA_Fimo_ENCODE_8,seq2206_[chr1:40442529-40442699],
RARA_Fimo_ENCODE_8,seq485_[chr14:51706847-51707017],
RARA_Fimo_ENCODE_8,seq615_[chr16:26997150-26997320],
RARA_Fimo_ENCODE_8,seq1275_[chr5:141928420-141928590],
RARA_Fimo_ENCODE_8,seq321_[chr11:102068532-102068702],
RARA_Fimo_ENCODE_8,seq1196_[chr4:184026378-184026548],
RARA_Fimo_ENCODE_8,seq1542_[chr9:16768932-16769102],
RARA_Fimo_ENCODE_8,seq350_[chr12:8962852-8963022],
TFCP2L1_Fimo_ENCODE_1,controls_seq8_[chr10:102245394-102245564],Induction/activity_at_TP_3h
TFCP2L1_Fimo_ENCODE_1,seq31_[chr1:20813189-20813359],Induction/activity_at_TP_6h
TFCP2L1_Fimo_ENCODE_1,seq366_[chr12:33741075-33741245],
TFCP2L1_Fimo_ENCODE_1,seq1263_[chr5:123210525-123210695],
TFCP2L1_Fimo_ENCODE_1,seq832_[chr2:36498299-36498469],
TFCP2L1_Fimo_ENCODE_1,seq1714_[chr12:55457211-55457381],
TFCP2L1_Fimo_ENCODE_1,seq2001_[chr7:29596496-29596666],
TFCP2L1_Fimo_ENCODE_1,seq184_[chr10:51039483-51039653],
TFCP2L1_Fimo_ENCODE_1,seq432_[chr12:124625507-124625677],
TFCP2L1_Fimo_ENCODE_1,seq1623_[chr1:9774468-9774638],
TFCP2L1_Fimo_ENCODE_1,seq125_[chr1:178235935-178236105],
TFCP2L1_Fimo_ENCODE_1,seq307_[chr11:77184409-77184579],
TFCP2L1_Fimo_ENCODE_1,seq1796_[chr16:54385386-54385556],
TFCP2L1_Fimo_ENCODE_1,seq1485_[chr7:151167884-151168054],
TFCP2L1_Fimo_ENCODE_1,seq865_[chr2:69135637-69135807],
TFCP2L1_Fimo_ENCODE_1,seq200_[chr10:77161522-77161692],
TFCP2L1_Fimo_ENCODE_1,seq2300_[chr8:133412943-133413113],
TFCP2L1_Fimo_ENCODE_1,seq1811_[chr17:6365105-6365275],
TFCP2L1_Fimo_ENCODE_1,seq398_[chr12:92860238-92860408],
TFCP2L1_Fimo_ENCODE_1,seq2235_[chr10:74057828-74057998],
TFCP2L1_Fimo_ENCODE_1,seq820_[chr2:8776917-8777087],
TFCP2L1_Fimo_ENCODE_1,seq2231_[chr10:74014932-74015102],
TFCP2L1_Fimo_ENCODE_1,seq1526_[chr8:128822474-128822644],
TFCP2L1_Fimo_ENCODE_1,seq1769_[chr14:100350343-100350513],
ZNF423_Fimo_ENCODE_2,controls_seq36_[chr18:49573352-49573522],Consistency/belonging_with/to_MPRA_cluster_2_that_intersect_with_K27ac_cluster_2
ZNF423_Fimo_ENCODE_2,seq993_[chr20:44393959-44394129],Induction/activity_at_TP_72h
ZNF423_Fimo_ENCODE_2,seq96_[chr1:113570296-113570466],Induction/activity_at_TP_0h
ZNF423_Fimo_ENCODE_2,seq2109_[chr18:22628079-22628249],Induction/activity_at_TP_48h
ZNF423_Fimo_ENCODE_2,seq1927_[chr3:64624784-64624954],
ZNF423_Fimo_ENCODE_2,seq1263_[chr5:123210525-123210695],
ZNF423_Fimo_ENCODE_2,seq1526_[chr8:128822474-128822644],
ZNF423_Fimo_ENCODE_2,seq2089_[chr13:112726838-112727008],
ZNF423_Fimo_ENCODE_2,seq820_[chr2:8776917-8777087],
ZNF423_Fimo_ENCODE_2,seq1366_[chr6:144651800-144651970],
ZNF423_Fimo_ENCODE_2,seq497_[chr14:68400983-68401153],
ZNF423_Fimo_ENCODE_2,seq677_[chr17:37845417-37845587],
ZNF423_Fimo_ENCODE_2,seq1714_[chr12:55457211-55457381],
ZNF423_Fimo_ENCODE_2,seq1055_[chr3:20371483-20371653],
ZNF423_Fimo_ENCODE_2,seq1205_[chr5:1515005-1515175],
BHLHE40_Fimo_hg19_2,seq1618_[chrX:130611512-130611682],Consistency/belonging_with/to_MPRA_cluster_1_that_intersect_with_K27ac_cluster_1
BHLHE40_Fimo_hg19_2,seq1142_[chr4:41258753-41258923],Induction/activity_at_TP_3h
BHLHE40_Fimo_hg19_2,controls_seq148_[chr9:110235258-110235428],
BHLHE40_Fimo_hg19_2,seq2269_[chr18:74110957-74111127],
BHLHE40_Fimo_hg19_2,controls_seq157_[chr9:110857575-110857745],
BHLHE40_Fimo_hg19_2,controls_seq75_[chr6:23180868-23181038],
BHLHE40_Fimo_hg19_2,seq497_[chr14:68400983-68401153],
BHLHE40_Fimo_hg19_2,seq2272_[chr2:211627649-211627819],
BHLHE40_Fimo_hg19_2,seq125_[chr1:178235935-178236105],
BHLHE40_Fimo_hg19_2,controls_seq185_[chr11:31832761-31832931],
BHLHE40_Fimo_hg19_2,seq1219_[chr5:14036238-14036408],
BHLHE40_Fimo_hg19_2,seq1207_[chr5:2751732-2751902],
BHLHE40_Fimo_hg19_2,seq1266_[chr5:129060420-129060590],
BHLHE40_Fimo_hg19_2,seq2001_[chr7:29596496-29596666],
BHLHE40_Fimo_hg19_2,seq200_[chr10:77161522-77161692],
E2F4_Fimo_hg19_6,seq63_[chr1:43432875-43433045],Consistency/belonging_with/to_MPRA_cluster_1_that_intersect_with_RNAseq_cluster_1
E2F4_Fimo_hg19_6,seq363_[chr12:32552619-32552789],Induction/activity_at_TP_0h
E2F4_Fimo_hg19_6,seq993_[chr20:44393959-44394129],
E2F4_Fimo_hg19_6,controls_seq157_[chr9:110857575-110857745],
E2F4_Fimo_hg19_6,seq776_[chr19:3968792-3968962],
E2F4_Fimo_hg19_6,seq194_[chr10:69913462-69913632],
E2F4_Fimo_hg19_6,seq1191_[chr4:169762284-169762454],
E2F4_Fimo_hg19_6,seq2266_[chr17:74117555-74117725],
E2F4_Fimo_hg19_6,seq366_[chr12:33741075-33741245],
E2F4_Fimo_hg19_6,seq1432_[chr7:75793253-75793423],
E2F4_Fimo_hg19_6,seq215_[chr10:92690066-92690236],
E2F4_Fimo_hg19_6,seq321_[chr11:102068532-102068702],
E2F4_Fimo_hg19_6,seq1714_[chr12:55457211-55457381],
E2F4_Fimo_hg19_6,seq966_[chr2:236995715-236995885],
E2F4_Fimo_hg19_6,seq1498_[chr8:40771792-40771962],
IRX3_Fimo_hg19_7,seq2305_[chr9:117068145-117068315],Induction/activity_at_TP_48h
IRX3_Fimo_hg19_7,seq626_[chr16:52299381-52299551],Induction/activity_at_TP_12h
IRX3_Fimo_hg19_7,seq1175_[chr4:125380900-125381070],Induction/activity_at_TP_24h
IRX3_Fimo_hg19_7,seq1772_[chr15:37338155-37338325],
IRX3_Fimo_hg19_7,seq2228_[chr10:34716436-34716606],
IRX3_Fimo_hg19_7,seq1275_[chr5:141928420-141928590],
IRX3_Fimo_hg19_7,seq1163_[chr4:91119425-91119595],
IRX3_Fimo_hg19_7,seq857_[chr2:58767177-58767347],
IRX3_Fimo_hg19_7,seq1563_[chr9:75295558-75295728],
IRX3_Fimo_hg19_7,seq2220_[chr1:155804391-155804561],
IRX3_Fimo_hg19_7,seq580_[chr15:89536311-89536481],
IRX3_Fimo_hg19_7,seq1366_[chr6:144651800-144651970],
IRX3_Fimo_hg19_7,seq1147_[chr4:56147529-56147699],
IRX3_Fimo_hg19_7,seq307_[chr11:77184409-77184579],
IRX3_Fimo_hg19_7,controls_seq162_[chr8:128822479-128822649],
ETV5_Fimo_hg19_31,seq1501_[chr8:50005334-50005504],Induction/activity_at_TP_6h
ETV5_Fimo_hg19_31,seq2166_[chr9:126773515-126773685],Consistency/belonging_with/to_MPRA_cluster_3_that_intersect_with_ATACseq_cluster_1
ETV5_Fimo_hg19_31,seq1142_[chr4:41258753-41258923],
ETV5_Fimo_hg19_31,seq793_[chr19:18365973-18366143],
ETV5_Fimo_hg19_31,controls_seq157_[chr9:110857575-110857745],
ETV5_Fimo_hg19_31,controls_seq75_[chr6:23180868-23181038],
ETV5_Fimo_hg19_31,seq1339_[chr6:86379630-86379800],
ETV5_Fimo_hg19_31,seq956_[chr2:233916594-233916764],
ETV5_Fimo_hg19_31,seq154_[chr1:228110602-228110772],
ETV5_Fimo_hg19_31,seq217_[chr10:98105168-98105338],
ETV5_Fimo_hg19_31,seq1859_[chr2:123819105-123819275],
ETV5_Fimo_hg19_31,seq1311_[chr6:15895241-15895411],
ETV5_Fimo_hg19_31,seq2132_[chr3:181956041-181956211],
ETV5_Fimo_hg19_31,seq1274_[chr5:140381871-140382041],
ETV5_Fimo_hg19_31,seq487_[chr14:54209002-54209172],
PAX6_Fimo_hg19_3,seq832_[chr2:36498299-36498469],Induction/activity_at_TP_72h
PAX6_Fimo_hg19_3,seq1196_[chr4:184026378-184026548],hand_picked_TFs
PAX6_Fimo_hg19_3,seq905_[chr2:161781638-161781808],Induction/activity_at_TP_48h
PAX6_Fimo_hg19_3,seq511_[chr14:75745409-75745579],Consistency/belonging_with/to_MPRA_cluster_3_that_intersect_with_RNAseq_cluster_3
PAX6_Fimo_hg19_3,seq793_[chr19:18365973-18366143],
PAX6_Fimo_hg19_3,controls_seq180_[chr9:110252111-110252281],
PAX6_Fimo_hg19_3,seq414_[chr12:110318406-110318576],
PAX6_Fimo_hg19_3,controls_seq49_[chr21:34291162-34291332],
PAX6_Fimo_hg19_3,seq1886_[chr20:10618280-10618450],
PAX6_Fimo_hg19_3,seq51_[chr1:33808005-33808175],
PAX6_Fimo_hg19_3,seq258_[chr11:10373615-10373785],
PAX6_Fimo_hg19_3,seq350_[chr12:8962852-8963022],
PAX6_Fimo_hg19_3,seq155_[chr1:228871123-228871293],
PAX6_Fimo_hg19_3,seq117_[chr1:160983560-160983730],
PAX6_Fimo_hg19_3,seq184_[chr10:51039483-51039653],
PTEN_Fimo_ENCODE_1,seq432_[chr12:124625507-124625677],Induction/activity_at_TP_6h
PTEN_Fimo_ENCODE_1,seq2305_[chr9:117068145-117068315],pathway_hsa04150
PTEN_Fimo_ENCODE_1,seq1175_[chr4:125380900-125381070],
PTEN_Fimo_ENCODE_1,controls_seq148_[chr9:110235258-110235428],
PTEN_Fimo_ENCODE_1,seq680_[chr17:42633937-42634107],
PTEN_Fimo_ENCODE_1,controls_seq75_[chr6:23180868-23181038],
PTEN_Fimo_ENCODE_1,seq2109_[chr18:22628079-22628249],
PTEN_Fimo_ENCODE_1,seq2272_[chr2:211627649-211627819],
PTEN_Fimo_ENCODE_1,seq521_[chr14:100355660-100355830],
PTEN_Fimo_ENCODE_1,seq1293_[chr5:172983462-172983632],
PTEN_Fimo_ENCODE_1,seq1430_[chr7:73693981-73694151],
PTEN_Fimo_ENCODE_1,seq1219_[chr5:14036238-14036408],
PTEN_Fimo_ENCODE_1,seq2242_[chr11:46615443-46615613],
PTEN_Fimo_ENCODE_1,seq1570_[chr9:94647461-94647631],
PTEN_Fimo_ENCODE_1,controls_seq185_[chr11:31832761-31832931],
HIF1A_Fimo_ENCODE_1,seq865_[chr2:69135637-69135807],Induction/activity_at_TP_6h
HIF1A_Fimo_ENCODE_1,controls_seq148_[chr9:110235258-110235428],Induction/activity_at_TP_0h
HIF1A_Fimo_ENCODE_1,seq200_[chr10:77161522-77161692],Induction/activity_at_TP_12h
HIF1A_Fimo_ENCODE_1,seq680_[chr17:42633937-42634107],pathway_hsa04150
HIF1A_Fimo_ENCODE_1,seq793_[chr19:18365973-18366143],
HIF1A_Fimo_ENCODE_1,controls_seq75_[chr6:23180868-23181038],
HIF1A_Fimo_ENCODE_1,seq867_[chr2:70995246-70995416],
HIF1A_Fimo_ENCODE_1,seq2272_[chr2:211627649-211627819],
HIF1A_Fimo_ENCODE_1,seq857_[chr2:58767177-58767347],
HIF1A_Fimo_ENCODE_1,seq363_[chr12:32552619-32552789],
HIF1A_Fimo_ENCODE_1,seq1430_[chr7:73693981-73694151],
HIF1A_Fimo_ENCODE_1,seq1767_[chr14:96494017-96494187],
HIF1A_Fimo_ENCODE_1,seq2132_[chr3:181956041-181956211],
HIF1A_Fimo_ENCODE_1,seq2001_[chr7:29596496-29596666],
HIF1A_Fimo_ENCODE_1,seq2020_[chr8:13214951-13215121],
